from,to,distance
02t,02t,0.0
02t,03t,13.238260735847284
02t,11t,10.133110118413628
02t,12t,6.744473949099778
02t,50t,4.956834219653577
02t,52t,0.6616675273677065
02t,53t,13.159469140883866
02t,54t,7.772337966750851
02t,59t,7.461880716934367
02t,61t,14.034368232992668
02t,bkp100t,20.25771641130777
02t,bkp101t,27.12222366953769
02t,bkp102t,6.1202256890059825
02t,bkp103t,7.041114773687881
02t,bkp104t,9.627899948862204
02t,bkp105t,9.915369458111648
02t,bkp112t,4.571907771489616
02t,bkp114t,5.562740768442394
02t,bkp116t,10.93532288149056
02t,bkp117t,19.423146051844995
02t,bkp118t,26.370259440381467
02t,bkp119t,8.29925035890205
02t,bkp121t,8.927811243816082
02t,bkp120t,23.435921427436952
02t,bkp122t,7.39284522072257
02t,bkp123t,10.602006478363835
02t,bkp124t,5.004926015754633
02t,bkp126t,12.498746236634481
02t,bkp125t,20.808440672522316
02t,bkp128t,31.460512986733605
02t,bkp127t,14.95001363758196
02t,bkp129t,42.07566777545186
02t,bkp130t,21.45447540140993
02t,bkp131t,6.02452659606775
02t,bkp133t,4.148419867087462
02t,bkp56t,7.977601431383865
02t,bkp57t,12.525933816604494
02t,bkp58t,5.84693728448071
02t,bkp59t,5.615797335401349
02t,bkp60t,5.968010325468589
02t,bkp62t,2.523295139440532
02t,bkp61t,3.837126946651644
02t,bkp64t,12.98386014363437
02t,bkp66t,5.193874109338778
02t,bkp67t,4.742615303368818
02t,bkp69t,8.679745265144438
02t,bkp70t,10.394025659821391
02t,bkp65t,4.1269181699855455
02t,bkp71t,17.412687822116386
02t,bkp72t,17.22557286113402
02t,bkp74t,22.755019386042775
02t,bkp73t,15.646763568332558
02t,bkp80t,42.478694130619
02t,bkp79t,32.20762151819652
02t,bkp81t,17.59291484993642
02t,bkp78t,31.752493484143564
02t,bkp77t,22.820551299595042
02t,bkp82t,3.1019347318762045
02t,bkp76t,17.383363617333075
02t,bkp75t,25.814309085614767
02t,o26,43.67062311335489
02t,14t,18.509076165824784
02t,18t,18.74028579386431
02t,17t,10.278866076502046
02t,08t,9.40634981964043
02t,22t,20.550181013690064
02t,13t,14.053218231720619
02t,20t,36.73748691944117
02t,81t,48.24194258030007
02t,o10,17.709942907732373
02t,bkp98t,19.42187637827962
02t,bkp97t,19.742958065039197
02t,bkp99t,21.50693693014504
02t,bkp95t,9.984536611163694
02t,bkp93t,10.817968599716043
02t,27t,31.720936278074657
02t,16t,14.525885494651874
02t,bkp96t,14.935636344570288
02t,bkp92t,3.744657465683556
02t,bkp91t,9.035081219371778
02t,bkp89t,16.61752510790326
02t,bkp87t,14.704077282188587
02t,bkp85t,3.3433583248029883
02t,19t,35.29891310024579
02t,o63,14.35685087981251
02t,bkp90t,16.464199009557436
02t,bkp88t,4.163407345332426
02t,bkp86t,8.790578802770087
02t,bkp94t,10.450749685724144
02t,bkp84t,1.8495009467431704
02t,bkp83t,0.8832911545393178
02t,bkp63t,7.198894131631712
03t,02t,13.238260735847284
03t,03t,0.0
03t,11t,23.028538195596784
03t,12t,16.512291166148593
03t,50t,16.934222716468206
03t,52t,12.577223839888932
03t,53t,26.11949628485885
03t,54t,20.66454876276565
03t,59t,20.694523961800936
03t,61t,26.18739545321559
03t,bkp100t,32.26784034895979
03t,bkp101t,39.95930303053712
03t,bkp102t,8.953200348967247
03t,bkp103t,19.73475288768937
03t,bkp104t,5.949945366618739
03t,bkp105t,3.443188305765615
03t,bkp112t,11.500627366141714
03t,bkp114t,17.3565106943339
03t,bkp116t,24.172523620284434
03t,bkp117t,27.981572646858975
03t,bkp118t,37.34543440730151
03t,bkp119t,19.626039975091206
03t,bkp121t,8.909270283562293
03t,bkp120t,36.15459359599077
03t,bkp122t,18.75906906635705
03t,bkp123t,23.83073710396808
03t,bkp124t,15.702239346851584
03t,bkp126t,5.5407407170601335
03t,bkp125t,32.81148334654422
03t,bkp128t,41.08893989577768
03t,bkp127t,12.857912877145024
03t,bkp129t,53.952857506171576
03t,bkp130t,34.69266482587907
03t,bkp131t,12.65050806118218
03t,bkp133t,16.836493482346132
03t,bkp56t,20.99027971524296
03t,bkp57t,21.833901400702814
03t,bkp58t,11.281259151060661
03t,bkp59t,18.686373146438797
03t,bkp60t,19.168067302406154
03t,bkp62t,15.342967761806413
03t,bkp61t,17.07307097226925
03t,bkp64t,25.14672497550084
03t,bkp66t,16.778432356336495
03t,bkp67t,14.562658810895812
03t,bkp69t,15.344853197536139
03t,bkp70t,21.481144044308373
03t,bkp65t,16.355371153243066
03t,bkp71t,27.885139515807918
03t,bkp72t,24.592402818834035
03t,bkp74t,35.82553713842398
03t,bkp73t,28.837537381974936
03t,bkp80t,54.353331335532694
03t,bkp79t,43.90831367239088
03t,bkp81t,26.430868674271714
03t,bkp78t,41.41575143785144
03t,bkp77t,34.85192246368278
03t,bkp82t,10.732014407859022
03t,bkp76t,29.120478404435683
03t,bkp75t,39.0288377882714
03t,o26,31.165333497969847
03t,14t,11.716596365458148
03t,18t,20.815060456912
03t,17t,13.119582618278839
03t,08t,14.665692012148869
03t,22t,32.908423284842435
03t,13t,26.660780711051004
03t,20t,49.40718385514194
03t,81t,43.58850107638686
03t,o10,29.482892902262172
03t,bkp98t,32.62844901429039
03t,bkp97t,32.80262456203144
03t,bkp99t,32.97597934504821
03t,bkp95t,23.125354806002072
03t,bkp93t,23.63169397414663
03t,27t,18.758859756874422
03t,16t,16.498776902683716
03t,bkp96t,27.874794777376124
03t,bkp92t,16.66455086818537
03t,bkp91t,9.439793180065735
03t,bkp89t,9.336296005873912
03t,bkp87t,12.943255827882606
03t,bkp85t,14.989132035803793
03t,19t,39.45312661812093
03t,o63,21.342379515037308
03t,bkp90t,4.05252143340122
03t,bkp88t,9.944779118313347
03t,bkp86t,15.528078143948603
03t,bkp94t,20.179815912732156
03t,bkp84t,11.845575237989424
03t,bkp83t,14.006275492862105
03t,bkp63t,20.435415709888893
11t,02t,10.133110118413628
11t,03t,23.028538195596784
11t,11t,0.0
11t,12t,8.149972138877466
11t,50t,6.254479334718051
11t,52t,10.748357957820167
11t,53t,3.093333549253864
11t,54t,2.376258067651942
11t,59t,3.712293485243814
11t,61t,4.700163459304915
11t,bkp100t,10.559969142351658
11t,bkp101t,17.00575922654933
11t,bkp102t,14.538817157197585
11t,bkp103t,7.511580829412054
11t,bkp104t,19.74677086311765
11t,bkp105t,19.597892808443877
11t,bkp112t,11.95367811087699
11t,bkp114t,5.997418988561388
11t,bkp116t,3.9031952931669522
11t,bkp117t,13.950858422256323
11t,bkp118t,17.347591288381487
11t,bkp119t,5.122889980735638
11t,bkp121t,16.36225525936158
11t,bkp120t,16.963967987804537
11t,bkp122t,5.4539189136385415
11t,bkp123t,4.175119990434573
11t,bkp124t,11.254429180145987
11t,bkp126t,22.612061769149598
11t,bkp125t,11.09498732248425
11t,bkp128t,23.396033217244867
11t,bkp127t,24.02637387107355
11t,bkp129t,32.14939435473611
11t,bkp130t,12.432723434426384
11t,bkp131t,11.699071296618838
11t,bkp133t,8.386103109518434
11t,bkp56t,2.1926349579996076
11t,bkp57t,8.830739909247637
11t,bkp58t,12.72670226952626
11t,bkp59t,4.535678368504985
11t,bkp60t,5.581295326465214
11t,bkp62t,7.747756654843879
11t,bkp61t,6.577714401166667
11t,bkp64t,3.8702419783043696
11t,bkp66t,6.587181726131499
11t,bkp67t,9.081028566010863
11t,bkp69t,11.373996975534324
11t,bkp70t,5.2890339377049065
11t,bkp65t,6.706174531447672
11t,bkp71t,9.970153209573889
11t,bkp72t,13.801404046632452
11t,bkp74t,15.048476281963795
11t,bkp73t,7.970506167698497
11t,bkp80t,32.55160363030674
11t,bkp79t,27.30255681336756
11t,bkp81t,12.278969554760925
11t,bkp78t,23.641363196724484
11t,bkp77t,13.020256420196059
11t,bkp82t,12.296659147154982
11t,bkp76t,8.194809510552396
11t,bkp75t,16.28478571857053
11t,o26,53.785980825008004
11t,14t,28.274691652029723
11t,18t,19.860366832452037
11t,17t,14.89603971568882
11t,08t,12.758102628789144
11t,22t,15.469275138411405
11t,13t,9.854835316530902
11t,20t,29.621798244588582
11t,81t,56.18072522519995
11t,o10,8.440780723825394
11t,bkp98t,11.093849394423186
11t,bkp97t,12.375233340526988
11t,bkp99t,12.278112871173404
11t,bkp95t,5.282541681851576
11t,bkp93t,0.7631167841918841
11t,27t,41.71645507705057
11t,16t,17.332900875123176
11t,bkp96t,4.848014537475414
11t,bkp92t,8.041428673745676
11t,bkp91t,16.1506753741726
11t,bkp89t,26.555057041600012
11t,bkp87t,23.72390090559902
11t,bkp85t,10.346416086118921
11t,19t,31.798851155107986
11t,o63,12.594446254295773
11t,bkp90t,26.496053515647315
11t,bkp88t,14.232210553802753
11t,bkp86t,15.764693748959779
11t,bkp94t,7.688901360168293
11t,bkp84t,11.900537497070525
11t,bkp83t,9.266634568925657
11t,bkp63t,4.320028010451504
12t,02t,6.744473949099778
12t,03t,16.512291166148593
12t,11t,8.149972138877466
12t,12t,0.0
12t,50t,3.042850411902372
12t,52t,6.939373961045612
12t,53t,10.979381904383404
12t,54t,6.3766219985877886
12t,59t,8.201687394020245
12t,61t,9.94079827461699
12t,bkp100t,15.824250142964097
12t,bkp101t,23.99643701841017
12t,bkp102t,7.559157874350693
12t,bkp103t,10.64502980503822
12t,bkp104t,14.950874401731175
12t,bkp105t,13.133833342930552
12t,bkp112t,5.073013990625951
12t,bkp114t,2.7407874785763537
12t,bkp116t,11.1735015335644
12t,bkp117t,12.826211735091938
12t,bkp118t,20.937084891524325
12t,bkp119t,3.3677966035678732
12t,bkp121t,8.605631282731782
12t,bkp120t,24.747497297333922
12t,bkp122t,2.730843235236879
12t,bkp123t,11.142788832469959
12t,bkp124t,11.145242468541536
12t,bkp126t,17.7068416919596
12t,bkp125t,16.36088919729647
12t,bkp128t,25.33438496324758
12t,bkp127t,21.433438589605302
12t,bkp129t,37.44059881103867
12t,bkp130t,20.562124551784937
12t,bkp131t,3.9779923882008283
12t,bkp133t,8.899107039807982
12t,bkp56t,6.9778560864793455
12t,bkp57t,5.956400192915692
12t,bkp58t,5.281268039864254
12t,bkp59t,5.921821523140498
12t,bkp60t,8.269555009565734
12t,bkp62t,4.9570260118911005
12t,bkp61t,6.574280343739836
12t,bkp64t,8.957071884349325
12t,bkp66t,2.4394038109206826
12t,bkp67t,2.2468674568345843
12t,bkp69t,3.3594425528250036
12t,bkp70t,4.989022527552005
12t,bkp65t,3.5697806970012183
12t,bkp71t,11.548847771591243
12t,bkp72t,10.481100307951829
12t,bkp74t,23.114092732134637
12t,bkp73t,15.891673555023848
12t,bkp80t,37.84104800519392
12t,bkp79t,34.68597349957457
12t,bkp81t,11.027494925229677
12t,bkp78t,25.642561828091605
12t,bkp77t,18.39397919911526
12t,bkp82t,6.652545632927512
12t,bkp76t,12.638092421487535
12t,bkp75t,24.215456641406345
12t,o26,47.677565126333135
12t,14t,24.391562432593926
12t,18t,13.150076703775193
12t,17t,6.756699218546765
12t,08t,4.7022097918315415
12t,22t,22.7096059764087
12t,13t,16.391567596220433
12t,20t,37.66535129526117
12t,81t,54.872659160129665
12t,o10,13.004526071459889
12t,bkp98t,19.217168480267322
12t,bkp97t,20.3299275152883
12t,bkp99t,16.465421954589527
12t,bkp95t,11.419698150115662
12t,bkp93t,8.457608614257982
12t,27t,35.19172836569029
12t,16t,9.712770904598363
12t,bkp96t,12.527571382122458
12t,bkp92t,8.262127236089412
12t,bkp91t,8.297579819489302
12t,bkp89t,22.268593471156088
12t,bkp87t,21.215674084125954
12t,bkp85t,9.482431055135333
12t,19t,28.647570695652263
12t,o63,7.674067235897917
12t,bkp90t,20.381747899758608
12t,bkp88t,10.247605632245335
12t,bkp86t,15.419754253734224
12t,bkp94t,3.9551633375231052
12t,bkp84t,8.33245699936063
12t,bkp83t,6.1231629317361245
12t,bkp63t,8.463329235861957
50t,02t,4.956834219653577
50t,03t,16.934222716468206
50t,11t,6.254479334718051
50t,12t,3.042850411902372
50t,50t,0.0
50t,52t,5.398214613974317
50t,53t,9.323865757402858
50t,54t,4.035273315064884
50t,59t,5.34899781111604
50t,61t,9.371847418491818
50t,bkp100t,15.573841869272117
50t,bkp101t,23.03018227071466
50t,bkp102t,8.292409905294933
50t,bkp103t,7.605318444955219
50t,bkp104t,14.291211736971448
50t,bkp105t,13.491156556169093
50t,bkp112t,5.699499931678477
50t,bkp114t,0.6174481023226258
50t,bkp116t,8.594826677314776
50t,bkp117t,14.687396064321222
50t,bkp118t,21.46082412070422
50t,bkp119t,3.3469491788081744
50t,bkp121t,10.170758619164342
50t,bkp120t,22.116125718161413
50t,bkp122t,2.455669039169632
50t,bkp123t,8.48122005626934
50t,bkp124t,8.542392249803587
50t,bkp126t,17.149551018430028
50t,bkp125t,16.124740954752536
50t,bkp128t,26.509604044727315
50t,bkp127t,19.890605895641706
50t,bkp129t,37.41004038966226
50t,bkp130t,18.564005634419164
50t,bkp131t,5.594830632663418
50t,bkp133t,6.037568845207035
50t,bkp56t,4.537951502664547
50t,bkp57t,7.86721931150396
50t,bkp58t,6.50713563372466
50t,bkp59t,2.963048299765383
50t,bkp60t,5.232341177038426
50t,bkp62t,2.5457145761555973
50t,bkp61t,3.603834995437244
50t,bkp64t,8.316268181173774
50t,bkp66t,0.6043602631954967
50t,bkp67t,2.918924646516963
50t,bkp69t,6.272508834446937
50t,bkp70t,5.439092341618163
50t,bkp65t,0.8449471354635588
50t,bkp71t,12.456989230417944
50t,bkp72t,12.88301562948419
50t,bkp74t,20.72491327207765
50t,bkp73t,13.440636875817436
50t,bkp80t,37.812869612477954
50t,bkp79t,31.85327458894492
50t,bkp81t,12.844181725761024
50t,bkp78t,26.80019239770741
50t,bkp77t,18.15908919195234
50t,bkp82t,6.268701617728582
50t,bkp76t,12.580484087327322
50t,bkp75t,22.533508005940206
50t,o26,47.92756365436447
50t,14t,23.412723178251543
50t,18t,16.19243499469804
50t,17t,9.340382306126479
50t,08t,7.524079983075385
50t,22t,19.88505864016173
50t,13t,13.483487208956381
50t,20t,35.19339531194534
50t,81t,53.077323003549694
50t,o10,12.92088597369058
50t,bkp98t,16.960489630109443
50t,bkp97t,17.846849324505875
50t,bkp99t,16.660825012581714
50t,bkp95t,8.570404200289932
50t,bkp93t,6.775292130042643
50t,27t,35.68369154312336
50t,16t,12.682426589828873
50t,bkp96t,11.034331368289468
50t,bkp92t,5.406328154585642
50t,bkp91t,9.999756461117563
50t,bkp89t,21.45430026618459
50t,bkp87t,19.637960680363854
50t,bkp85t,6.975112249685431
50t,19t,31.267501086195193
50t,o63,10.379537824342957
50t,bkp90t,20.555382300262835
50t,bkp88t,9.024179349966534
50t,bkp86t,13.033555715668804
50t,bkp94t,5.812566841212551
50t,bkp84t,6.785559770031887
50t,bkp83t,4.125687704422197
50t,bkp63t,5.530906776011467
52t,02t,0.6616675273677065
52t,03t,12.577223839888932
52t,11t,10.748357957820167
52t,12t,6.939373961045612
52t,50t,5.398214613974317
52t,52t,0.0
52t,53t,13.786444960286877
52t,54t,8.381052306197882
52t,59t,8.121028600901877
52t,61t,14.582028596155189
52t,bkp100t,20.807721241324803
52t,bkp101t,27.74618407560774
52t,bkp102t,5.574743335671698
52t,bkp103t,7.643440127105922
52t,bkp104t,9.041229785427364
52t,bkp105t,9.254166594770581
52t,bkp112t,4.234514651497757
52t,bkp114t,5.990761999116667
52t,bkp116t,11.596814549431237
52t,bkp117t,19.703477521750376
52t,bkp118t,26.85173835994193
52t,bkp119t,8.717837682027263
52t,bkp121t,8.428474182569575
52t,bkp120t,24.067193873701054
52t,bkp122t,7.8011879618077655
52t,bkp123t,11.263609944330572
52t,bkp124t,5.29727982040842
52t,bkp126t,11.913463665823025
52t,bkp125t,21.3588319238138
52t,bkp128t,31.85835026564055
52t,bkp127t,14.593284873132658
52t,bkp129t,42.635905254371245
52t,bkp130t,22.115670119137903
52t,bkp131t,5.817167437260256
52t,bkp133t,4.724667610751908
52t,bkp56t,8.603408383319152
52t,bkp57t,12.80317677659955
52t,bkp58t,5.499287298180559
52t,bkp59t,6.244554692753391
52t,bkp60t,6.627060750951249
52t,bkp62t,3.067007061838557
52t,bkp61t,4.4968966166625375
52t,bkp64t,13.528816486837078
52t,bkp66t,5.579833733806963
52t,bkp67t,4.835325145839428
52t,bkp69t,8.63324225756849
52t,bkp70t,10.813130330922737
52t,bkp65t,4.588755325559767
52t,bkp71t,17.827810188308625
52t,bkp72t,17.4029486952875
52t,bkp74t,23.408701308514544
52t,bkp73t,16.306761490406007
52t,bkp80t,43.038948941852524
52t,bkp79t,32.77923072726122
52t,bkp81t,17.881450630516763
52t,bkp78t,32.153222905686924
52t,bkp77t,23.376365452351227
52t,bkp82t,2.5469582927077123
52t,bkp76t,17.903728966608604
52t,bkp75t,26.47162482708067
52t,o26,43.04367041456017
52t,14t,18.01878523642147
52t,18t,18.599639278261225
52t,17t,10.0065078546636
52t,08t,9.271920610636728
52t,22t,21.154423888132712
52t,13t,14.667732513709884
52t,20t,37.370118948545105
52t,81t,47.95860003369763
52t,o10,18.234304064544393
52t,bkp98t,20.082832043082114
52t,bkp97t,20.39541010446667
52t,bkp99t,22.015794071613808
52t,bkp95t,10.639907886882702
52t,bkp93t,11.425112417007728
52t,27t,31.072632002257812
52t,16t,14.316536681035672
52t,bkp96t,15.562088499662442
52t,bkp92t,4.355640789878933
52t,bkp91t,8.563286065887851
52t,bkp89t,16.090887799021957
52t,bkp87t,14.35766420710372
52t,bkp85t,3.700729310905389
52t,19t,35.372874697236476
52t,o63,14.472932426303508
52t,bkp90t,15.817510384538712
52t,bkp88t,3.6355079960371666
52t,bkp86t,8.811181355578812
52t,bkp94t,10.735854975222232
52t,bkp84t,1.4170096158919736
52t,bkp83t,1.4827873110928353
52t,bkp63t,7.860491226724261
53t,02t,13.159469140883866
53t,03t,26.11949628485885
53t,11t,3.093333549253864
53t,12t,10.979381904383404
53t,50t,9.323865757402858
53t,52t,13.786444960286877
53t,53t,0.0
53t,54t,5.456795884861952
53t,59t,6.179847164341806
53t,61t,3.836132350672648
53t,bkp100t,8.308794088057365
53t,bkp101t,13.964050047018747
53t,bkp102t,17.615642722476895
53t,bkp103t,9.532882363436686
53t,bkp104t,22.739386627670704
53t,bkp105t,22.690185132136477
53t,bkp112t,15.02106095990909
53t,bkp114t,9.030169270961629
53t,bkp116t,4.3147894306589665
53t,bkp117t,14.141923388345042
53t,bkp118t,15.429375292299044
53t,bkp119t,7.7279995773219525
53t,bkp121t,19.365285716243122
53t,bkp120t,15.109350418683206
53t,bkp122t,8.248544587453331
53t,bkp123t,4.819014504095442
53t,bkp124t,13.76726684989446
53t,bkp126t,25.595810876197636
53t,bkp125t,8.802170198765408
53t,bkp128t,21.908210153653194
53t,bkp127t,26.646610727335652
53t,bkp129t,29.424770510980583
53t,bkp130t,9.65235878236696
53t,bkp131t,14.680632657919697
53t,bkp133t,11.010331599429716
53t,bkp56t,5.18303964227072
53t,bkp57t,10.361783536845078
53t,bkp58t,15.755707055642302
53t,bkp59t,7.543681243328912
53t,bkp60t,8.112814927805163
53t,bkp62t,10.817833879683015
53t,bkp61t,9.490777970704414
53t,bkp64t,3.7059909746138904
53t,bkp66t,9.624542128296067
53t,bkp67t,12.103064152120993
53t,bkp69t,14.056778674526033
53t,bkp70t,7.196758573360702
53t,bkp65t,9.797653930395528
53t,bkp71t,9.568951423628388
53t,bkp72t,14.802689174101095
53t,bkp74t,12.759790460935735
53t,bkp73t,6.2944557374845935
53t,bkp80t,29.825305693562548
53t,bkp79t,25.718492049950935
53t,bkp81t,12.69491886489357
53t,bkp78t,22.123660893588756
53t,bkp77t,10.570080167112048
53t,bkp82t,15.388157425034668
53t,bkp76t,6.684458191464011
53t,bkp75t,13.269365094475969
53t,o26,56.82955988304929
53t,14t,31.082746220287437
53t,18t,21.778157998938543
53t,17t,17.645575493373546
53t,08t,15.440383211686827
53t,22t,14.25572543619381
53t,13t,9.643499610652759
53t,20t,27.264391864642526
53t,81t,58.267761611206254
53t,o10,6.816931248850276
53t,bkp98t,8.70354773376221
53t,bkp97t,10.378567354502199
53t,bkp99t,10.391791395317478
53t,bkp95t,6.265935458562791
53t,bkp93t,2.5640537701396373
53t,27t,44.79698274892981
53t,16t,19.7016613070968
53t,bkp96t,1.7763060715794858
53t,bkp92t,10.758386644627805
53t,bkp91t,19.13144958810056
53t,bkp89t,29.436283656614542
53t,bkp87t,26.331778940496438
53t,bkp85t,13.063995547655608
53t,19t,32.04561627384555
53t,o63,14.230057248735204
53t,bkp90t,29.567183108841263
53t,bkp88t,17.212650760763797
53t,bkp86t,18.097679633262885
53t,bkp94t,9.73878444164025
53t,bkp84t,14.89267367538572
53t,bkp83t,12.303790411489356
53t,bkp63t,6.710050459406447
54t,02t,7.772337966750851
54t,03t,20.66454876276565
54t,11t,2.376258067651942
54t,12t,6.3766219985877886
54t,50t,4.035273315064884
54t,52t,8.381052306197882
54t,53t,5.456795884861952
54t,54t,0.0
54t,59t,2.506627404081949
54t,61t,6.567222381512473
54t,bkp100t,12.685967140923632
54t,bkp101t,19.381225253503995
54t,bkp102t,12.25182795258433
54t,bkp103t,6.244115271545185
54t,bkp104t,17.395799440156928
54t,bkp105t,17.23800161584205
54t,bkp112t,9.695019208922282
54t,bkp114t,3.894364606994403
54t,bkp116t,4.808478972389796
54t,bkp117t,14.580158449414897
54t,bkp118t,19.237325542761443
54t,bkp119t,3.9871516652191334
54t,bkp121t,14.205853560084773
54t,bkp120t,18.37417345077327
54t,bkp122t,3.9251663608831335
54t,bkp123t,4.822004293692136
54t,bkp124t,9.328154250302072
54t,bkp126t,20.26420193257392
54t,bkp125t,13.230701439207401
54t,bkp128t,24.99088341866299
54t,bkp127t,21.91754467860589
54t,bkp129t,34.40466174326339
54t,bkp130t,14.528862317711468
54t,bkp131t,9.60373741593243
54t,bkp133t,6.419514668579247
54t,bkp56t,0.6266693116578631
54t,bkp57t,8.598376486181817
54t,bkp58t,10.541843728500252
54t,bkp59t,2.2277186442824997
54t,bkp60t,3.897984620752511
54t,bkp62t,5.371584395801683
54t,bkp61t,4.340932784045436
54t,bkp64t,5.577705041961139
54t,bkp66t,4.4538827013838205
54t,bkp67t,6.938588328100735
54t,bkp69t,9.720705707841775
54t,bkp70t,5.088275443347886
54t,bkp65t,4.388896244199006
54t,bkp71t,11.160203203482737
54t,bkp72t,13.798919552009712
54t,bkp74t,16.78485366792352
54t,bkp73t,9.530024483904336
54t,bkp80t,34.807349976350494
54t,bkp79t,28.414754502304973
54t,bkp81t,12.799411117703348
54t,bkp78t,25.252688033316005
54t,bkp77t,15.202002598758245
54t,bkp82t,9.934954645634615
54t,bkp76t,10.066478271166023
54t,bkp75t,18.541486447933558
54t,o26,51.41242615421866
54t,14t,26.027553464922153
54t,18t,18.901158375996577
54t,17t,13.099332670320837
54t,08t,11.077484800171336
54t,22t,16.455458248460594
54t,13t,10.339294945756121
54t,20t,31.311198987726158
54t,81t,54.40450491416414
54t,o10,10.352940975995956
54t,bkp98t,12.959515375756926
54t,bkp97t,13.964693449822583
54t,bkp99t,14.213933365247817
54t,bkp95t,5.361195298663829
54t,bkp93t,3.045667417458834
54t,27t,39.342601476201324
54t,16t,15.948900184123
54t,bkp96t,7.220730856983518
54t,bkp92t,5.985732174410365
54t,bkp91t,14.029351364393913
54t,bkp89t,24.263108743884622
54t,bkp87t,21.625016499773345
54t,bkp85t,8.24284395781028
54t,19t,32.13859242300715
54t,o63,12.064750127007214
54t,bkp90t,24.119963456524662
54t,bkp88t,11.89264263240674
54t,bkp86t,13.932104145066972
54t,bkp94t,7.004538587368553
54t,bkp84t,9.5573841670175
54t,bkp83t,6.901178586038666
54t,bkp63t,3.0551490893123945
59t,02t,7.461880716934367
59t,03t,20.694523961800936
59t,11t,3.712293485243814
59t,12t,8.201687394020245
59t,50t,5.34899781111604
59t,52t,8.121028600901877
59t,53t,6.179847164341806
59t,54t,2.506627404081949
59t,59t,0.0
59t,61t,8.40573628097694
59t,bkp100t,14.20641489174899
59t,bkp101t,19.983285183907725
59t,bkp102t,12.853522215336346
59t,bkp103t,3.8679684838937023
59t,bkp104t,16.797427964940763
59t,bkp105t,17.34276984379187
59t,bkp112t,10.475716282451351
59t,bkp114t,5.480282142173813
59t,bkp116t,3.5262812216668213
59t,bkp117t,17.047634458240026
59t,bkp118t,21.057633373977925
59t,bkp119t,6.367007506979689
59t,bkp121t,15.16281623318412
59t,bkp120t,16.8142646882851
59t,bkp122t,6.120872042476939
59t,bkp123t,3.2770168640460358
59t,bkp124t,7.62101803427459
59t,bkp126t,19.62152557805211
59t,bkp125t,14.732911022569429
59t,bkp128t,27.07612522955474
59t,bkp127t,20.477830406500807
59t,bkp129t,35.60025748307027
59t,bkp130t,14.008467632049104
59t,bkp131t,10.80961975957496
59t,bkp133t,4.8305174286723425
59t,bkp56t,2.012995085296411
59t,bkp57t,11.091736959878467
59t,bkp58t,11.512672931249918
59t,bkp59t,2.4249567455717487
59t,bkp60t,1.936223710940995
59t,bkp62t,5.539026575630366
59t,bkp61t,3.62507766831124
59t,bkp64t,7.530713920628561
59t,bkp66t,5.911458235328572
59t,bkp67t,8.166723172996685
59t,bkp69t,11.543984807785217
59t,bkp70t,7.5948470701905215
59t,bkp65t,5.310209454345163
59t,bkp71t,13.449242127206281
59t,bkp72t,16.300219657519357
59t,bkp74t,15.631368699985165
59t,bkp73t,8.373236779199692
59t,bkp80t,36.001097167965526
59t,bkp79t,26.5133159461267
59t,bkp81t,15.280429412471609
59t,bkp78t,27.325829705733163
59t,bkp77t,16.613142283556005
59t,bkp82t,10.166284614658043
59t,bkp76t,11.906668822937467
59t,bkp75t,18.35574218844526
59t,o26,50.961693026455826
59t,14t,24.91907014130403
59t,18t,21.11907614360436
59t,17t,14.688737985024261
59t,08t,12.840178408140911
59t,22t,14.540625899401384
59t,13t,8.191450122884397
59t,20t,29.974162372363605
59t,81t,52.46906399755596
59t,o10,12.152777078176245
59t,bkp98t,12.075066995788045
59t,bkp97t,12.68065258598498
59t,bkp99t,15.985704730172195
59t,bkp95t,3.2267725175010114
59t,bkp93t,4.467614196159069
59t,27t,39.14751287111141
59t,16t,17.912145699608644
59t,bkp96t,7.90209332266558
59t,bkp92t,4.597827715886022
59t,bkp91t,15.070066234044955
59t,bkp89t,23.315836222291082
59t,bkp87t,20.166058192071624
59t,bkp85t,6.892660537905515
59t,19t,34.64454352322005
59t,o63,14.486987625036937
59t,bkp90t,23.890461338589173
59t,bkp88t,11.284816328321867
59t,bkp86t,12.07187222498945
59t,bkp94t,9.434364948455531
59t,bkp84t,9.029181998363438
59t,bkp83t,6.692835672865367
59t,bkp63t,0.6147651431121188
61t,02t,14.034368232992668
61t,03t,26.18739545321559
61t,11t,4.700163459304915
61t,12t,9.94079827461699
61t,50t,9.371847418491818
61t,52t,14.582028596155189
61t,53t,3.836132350672648
61t,54t,6.567222381512473
61t,59t,8.40573628097694
61t,61t,0.0
61t,bkp100t,6.2258315820774595
61t,bkp101t,14.071068680187759
61t,bkp102t,17.319919713680488
61t,bkp103t,12.207044454328278
61t,bkp104t,23.602835866986336
61t,bkp105t,22.75209448669401
61t,bkp112t,14.715268555040963
61t,bkp114t,8.88132315663666
61t,bkp116t,7.789241998207722
61t,bkp117t,10.322203368264827
61t,bkp118t,12.692849209139915
61t,bkp119t,6.619278598022567
61t,bkp121t,18.539894586567232
61t,bkp120t,18.609708991535584
61t,bkp122t,7.443758828491928
61t,bkp123t,8.229900533399348
61t,bkp124t,15.85126019979652
61t,bkp126t,26.47186570218914
61t,bkp125t,6.777037822056444
61t,bkp128t,18.70693144996331
61t,bkp127t,28.48032181882358
61t,bkp129t,28.061399734695954
61t,bkp130t,12.26518748705979
61t,bkp131t,13.909363922787843
61t,bkp133t,12.951333731401132
61t,bkp56t,6.670705662132188
61t,bkp57t,7.399369532193591
61t,bkp58t,15.166855534520543
61t,bkp59t,8.761636589918458
61t,bkp60t,10.234625266542146
61t,bkp62t,11.518302668616895
61t,bkp61t,10.889927802555635
61t,bkp64t,1.0566747419776683
61t,bkp66t,9.439121123477001
61t,bkp67t,11.648150460750156
61t,bkp69t,12.465765121656865
61t,bkp70t,5.1294286274193155
61t,bkp65t,10.080815169639315
61t,bkp71t,5.745636404686863
61t,bkp72t,11.255475813310301
61t,bkp74t,15.960579203269974
61t,bkp73t,10.03426349661047
61t,bkp80t,28.464412742027474
61t,bkp79t,29.29751364787459
61t,bkp81t,8.932577913236326
61t,bkp78t,18.94890329633439
61t,bkp77t,8.800068134849827
61t,bkp82t,15.627733039730082
61t,bkp76t,3.515807797539475
61t,bkp75t,14.998225661736582
61t,o26,57.27201731039326
61t,14t,32.49044143797369
61t,18t,18.823106463640116
61t,17t,16.063566615145447
61t,08t,13.785130544698497
61t,22t,18.023614324566076
61t,13t,13.433234333040753
61t,20t,30.212810671083474
61t,81t,60.85992792679667
61t,o10,3.7888259813586354
61t,bkp98t,11.924920718858427
61t,bkp97t,13.867471195959945
61t,bkp99t,7.649950329275233
61t,bkp95t,9.585148987483802
61t,bkp93t,3.9625475863951425
61t,27t,44.94292809728051
61t,16t,17.351149377004806
61t,bkp96t,4.0577543958670175
61t,bkp92t,12.54473868206899
61t,bkp91t,18.212483030202264
61t,bkp89t,30.64864830493704
61t,bkp87t,28.189628983506807
61t,bkp85t,14.810061087651986
61t,19t,28.2122357942071
61t,o63,11.16686718575426
61t,bkp90t,29.8944764942763
61t,bkp88t,18.197568704090482
61t,bkp86t,20.41251824264438
61t,bkp94t,7.436881635567589
61t,bkp84t,15.8749404124715
61t,bkp83t,13.151605262772962
61t,bkp63t,9.016489019876678
bkp100t,02t,20.25771641130777
bkp100t,03t,32.26784034895979
bkp100t,11t,10.559969142351658
bkp100t,12t,15.824250142964097
bkp100t,50t,15.573841869272117
bkp100t,52t,20.807721241324803
bkp100t,53t,8.308794088057365
bkp100t,54t,12.685967140923632
bkp100t,59t,14.20641489174899
bkp100t,61t,6.2258315820774595
bkp100t,bkp100t,0.0
bkp100t,bkp101t,9.094771214097483
bkp100t,bkp102t,23.341964083156356
bkp100t,bkp103t,17.793143015574117
bkp100t,bkp104t,29.82715757870633
bkp100t,bkp105t,28.847565781104038
bkp100t,bkp112t,20.76761834287357
bkp100t,bkp114t,15.06376823294082
bkp100t,bkp116t,12.573342497861967
bkp100t,bkp117t,10.80878068024835
bkp100t,bkp118t,7.214036102945486
bkp100t,bkp119t,12.643199625895695
bkp100t,bkp121t,24.300296620565078
bkp100t,bkp120t,19.354033344292525
bkp100t,bkp122t,13.522106465181645
bkp100t,bkp123t,13.091894807347565
bkp100t,bkp124t,21.80765654845303
bkp100t,bkp126t,32.695400150483536
bkp100t,bkp125t,0.5513729979638616
bkp100t,bkp128t,14.021951681438988
bkp100t,bkp127t,34.57509924475988
bkp100t,bkp129t,21.839566833198784
bkp100t,bkp130t,11.586495719466253
bkp100t,bkp131t,19.791803246199652
bkp100t,bkp133t,18.9460722514322
bkp100t,bkp56t,12.69702419966868
bkp100t,bkp57t,11.761378557020938
bkp100t,bkp58t,21.10498033317778
bkp100t,bkp59t,14.908470513231245
bkp100t,bkp60t,16.119982136094684
bkp100t,bkp62t,17.743410588195978
bkp100t,bkp61t,17.026798369149144
bkp100t,bkp64t,7.280292939678181
bkp100t,bkp66t,15.606379446395032
bkp100t,bkp67t,17.70607731580475
bkp100t,bkp69t,17.893934672561578
bkp100t,bkp70t,10.83804122325432
bkp100t,bkp65t,16.298363266178587
bkp100t,bkp71t,6.43978664887942
bkp100t,bkp72t,13.495322595238367
bkp100t,bkp74t,16.04777441009117
bkp100t,bkp73t,12.5978257281415
bkp100t,bkp80t,22.242519412294254
bkp100t,bkp79t,29.878079632016462
bkp100t,bkp81t,10.381267011751401
bkp100t,bkp78t,14.19689091446391
bkp100t,bkp77t,2.589332998300916
bkp100t,bkp82t,21.806136496770602
bkp100t,bkp76t,3.233560014770627
bkp100t,bkp75t,12.254059889765136
bkp100t,o26,63.404161164050485
bkp100t,14t,38.69042354094534
bkp100t,18t,22.11639493818878
bkp100t,17t,21.353574608950304
bkp100t,08t,19.10090869377084
bkp100t,22t,20.006530037859886
bkp100t,13t,17.146282442766097
bkp100t,20t,28.861469542204574
bkp100t,81t,66.56092786538308
bkp100t,o10,2.8612036573771524
bkp100t,bkp98t,12.613199733444466
bkp100t,bkp97t,14.999357316946943
bkp100t,bkp99t,2.517004936208925
bkp100t,bkp95t,14.547033100079863
bkp100t,bkp93t,9.798438449149643
bkp100t,27t,50.99706192585226
bkp100t,16t,21.74856489863216
bkp100t,bkp96t,7.0172801673580905
bkp100t,bkp92t,18.59167618608674
bkp100t,bkp91t,23.924469536647017
bkp100t,bkp89t,36.86807143789399
bkp100t,bkp87t,34.27577318547117
bkp100t,bkp85t,20.888059518776835
bkp100t,19t,27.088042391020966
bkp100t,o63,14.801095732751918
bkp100t,bkp90t,36.03489701407211
bkp100t,bkp88t,24.42112228386938
bkp100t,bkp86t,26.271631297148886
bkp100t,bkp94t,12.6404039972883
bkp100t,bkp84t,22.09602080375516
bkp100t,bkp83t,19.37467059600414
bkp100t,bkp63t,14.790166666961174
bkp101t,02t,27.12222366953769
bkp101t,03t,39.95930303053712
bkp101t,11t,17.00575922654933
bkp101t,12t,23.99643701841017
bkp101t,50t,23.03018227071466
bkp101t,52t,27.74618407560774
bkp101t,53t,13.964050047018747
bkp101t,54t,19.381225253503995
bkp101t,59t,19.983285183907725
bkp101t,61t,14.071068680187759
bkp101t,bkp100t,9.094771214097483
bkp101t,bkp101t,0.0
bkp101t,bkp102t,31.239160017207908
bkp101t,bkp103t,22.718091129080744
bkp101t,bkp104t,36.69784689180498
bkp101t,bkp105t,36.517403193687144
bkp101t,bkp112t,28.62075332519734
bkp101t,bkp114t,22.63371046845146
bkp101t,bkp116t,17.089141235367595
bkp101t,bkp117t,19.56841182934426
bkp101t,bkp118t,11.205846933275312
bkp101t,bkp119t,20.64537615232133
bkp101t,bkp121t,32.6017140912198
bkp101t,bkp120t,16.557890244352766
bkp101t,bkp122t,21.416199517032663
bkp101t,bkp123t,17.586923129284692
bkp101t,bkp124t,27.303771843988347
bkp101t,bkp126t,39.54926783936965
bkp101t,bkp125t,8.72093503321014
bkp101t,bkp128t,17.55316396183172
bkp101t,bkp127t,40.12338267049115
bkp101t,bkp129t,16.720840601471256
bkp101t,bkp130t,9.262452046772331
bkp101t,bkp131t,27.94816288942133
bkp101t,bkp133t,24.73977130124494
bkp101t,bkp56t,19.144624917030885
bkp101t,bkp57t,20.700012858293146
bkp101t,bkp58t,29.171604618376133
bkp101t,bkp59t,21.506693133989934
bkp101t,bkp60t,21.861552798636403
bkp101t,bkp62t,24.752398705202516
bkp101t,bkp61t,23.436250004364098
bkp101t,bkp64t,15.039387482032964
bkp101t,bkp66t,23.22187500919435
bkp101t,bkp67t,25.580658928046617
bkp101t,bkp69t,26.483877863776108
bkp101t,bkp70t,19.176821361237423
bkp101t,bkp65t,23.608594286464157
bkp101t,bkp71t,15.510815366687696
bkp101t,bkp72t,22.53155946989461
bkp101t,bkp74t,13.068268857635475
bkp101t,bkp73t,14.283077175761889
bkp101t,bkp80t,17.0965871382635
bkp101t,bkp79t,25.58833806450156
bkp101t,bkp81t,19.37977595430551
bkp101t,bkp78t,17.552018764789757
bkp101t,bkp77t,7.308037122193572
bkp101t,bkp82t,29.2448415762544
bkp101t,bkp76t,12.124610783380898
bkp101t,bkp75t,6.135924284819394
bkp101t,o26,70.78938942146671
bkp101t,14t,44.83589336105021
bkp101t,18t,31.199598919590464
bkp101t,17t,30.04594828724431
bkp101t,08t,27.76818228995798
bkp101t,22t,18.900698224437228
bkp101t,13t,19.129099060202787
bkp101t,20t,22.15161309270288
bkp101t,81t,70.18163156472214
bkp101t,o10,11.771406008218056
bkp101t,bkp98t,11.772037181526517
bkp101t,bkp97t,13.86986372094844
bkp101t,bkp99t,10.30996933793889
bkp101t,bkp95t,18.87768328182884
bkp101t,bkp93t,16.3582274533807
bkp101t,27t,58.69155011098361
bkp101t,16t,30.77158873838339
bkp101t,bkp96t,12.18778353151861
bkp101t,bkp92t,24.572129451779507
bkp101t,bkp91t,32.28124612161253
bkp101t,bkp89t,43.29279236772401
bkp101t,bkp87t,39.790458592857334
bkp101t,bkp85t,26.840261356935894
bkp101t,19t,33.9958728508945
bkp101t,o63,23.883843451955954
bkp101t,bkp90t,43.493971994141056
bkp101t,bkp88t,31.169343923490505
bkp101t,bkp86t,31.245367160246087
bkp101t,bkp94t,21.310504745150496
bkp101t,bkp84t,28.854182483892615
bkp101t,bkp83t,26.263417121917914
bkp101t,bkp63t,20.43915970911077
bkp102t,02t,6.1202256890059825
bkp102t,03t,8.953200348967247
bkp102t,11t,14.538817157197585
bkp102t,12t,7.559157874350693
bkp102t,50t,8.292409905294933
bkp102t,52t,5.574743335671698
bkp102t,53t,17.615642722476895
bkp102t,54t,12.25182795258433
bkp102t,59t,12.853522215336346
bkp102t,61t,17.319919713680488
bkp102t,bkp100t,23.341964083156356
bkp102t,bkp101t,31.239160017207908
bkp102t,bkp102t,0.0
bkp102t,bkp103t,13.135962389467878
bkp102t,bkp104t,8.365456946626175
bkp102t,bkp105t,5.59534527590452
bkp102t,bkp112t,2.618458420917626
bkp102t,bkp114t,8.62718343483783
bkp102t,bkp116t,16.369430947353475
bkp102t,bkp117t,19.48354782288968
bkp102t,bkp118t,28.43111940788421
bkp102t,bkp119t,10.717699768282007
bkp102t,bkp121t,2.945681034022057
bkp102t,bkp120t,29.390260167994327
bkp102t,bkp122t,9.876243075473063
bkp102t,bkp123t,16.12719877998891
bkp102t,bkp124t,10.631250907612541
bkp102t,bkp126t,10.799858771493328
bkp102t,bkp125t,23.883174916898845
bkp102t,bkp128t,32.44630597243371
bkp102t,bkp127t,16.05294556587278
bkp102t,bkp129t,44.999755050840115
bkp102t,bkp130t,26.70570209167022
bkp102t,bkp131t,3.7584162547193527
bkp102t,bkp133t,10.268215957489792
bkp102t,bkp56t,12.676770224764898
bkp102t,bkp57t,13.025040565544941
bkp102t,bkp58t,2.383009697259501
bkp102t,bkp59t,10.55739731611413
bkp102t,bkp60t,11.746738371949961
bkp102t,bkp62t,7.3230618392904745
bkp102t,bkp61t,9.460667730758095
bkp102t,bkp64t,16.292539433809868
bkp102t,bkp66t,8.033538061198167
bkp102t,bkp67t,5.67383426839574
bkp102t,bkp69t,6.7891695213867544
bkp102t,bkp70t,12.533298089300375
bkp102t,bkp65t,7.864784544402294
bkp102t,bkp71t,18.986447154739224
bkp102t,bkp72t,16.382102940058257
bkp102t,bkp74t,28.467676720232788
bkp102t,bkp73t,21.226363303697287
bkp102t,bkp80t,45.40019409600584
bkp102t,bkp79t,38.324264149893324
bkp102t,bkp81t,17.82640580164576
bkp102t,bkp78t,32.76622263052656
bkp102t,bkp77t,25.921509063851246
bkp102t,bkp82t,3.02796012485109
bkp102t,bkp76t,20.178809602446954
bkp102t,bkp75t,30.79329422818817
bkp102t,o26,40.11841114072484
bkp102t,14t,17.839222683749195
bkp102t,18t,14.960351825990216
bkp102t,17t,5.969312328413587
bkp102t,08t,6.525645873568461
bkp102t,22t,26.621471458490536
bkp102t,13t,20.102990584924665
bkp102t,20t,42.66671858262498
bkp102t,81t,49.359577268498946
bkp102t,o10,20.54280124176535
bkp102t,bkp98t,24.91187265581953
bkp102t,bkp97t,25.490844151928773
bkp102t,bkp99t,24.023135892723097
bkp102t,bkp95t,15.759140034808983
bkp102t,bkp93t,15.067069861292287
bkp102t,27t,27.65510359188869
bkp102t,16t,10.375585668203339
bkp102t,bkp96t,19.324573893051163
bkp102t,bkp92t,9.840894517604308
bkp102t,bkp91t,3.208659788284183
bkp102t,bkp89t,15.540170864613595
bkp102t,bkp87t,15.927143949768741
bkp102t,bkp85t,9.183057448356825
bkp102t,19t,32.99553110624905
bkp102t,o63,13.13244622181066
bkp102t,bkp90t,12.850949411911905
bkp102t,bkp88t,5.899920408124453
bkp102t,bkp86t,13.12401289991554
bkp102t,bkp94t,11.276093596217258
bkp102t,bkp84t,5.871077206569255
bkp102t,bkp83t,6.534194321752292
bkp102t,bkp63t,12.756094053096579
bkp103t,02t,7.041114773687881
bkp103t,03t,19.73475288768937
bkp103t,11t,7.511580829412054
bkp103t,12t,10.64502980503822
bkp103t,50t,7.605318444955219
bkp103t,52t,7.643440127105922
bkp103t,53t,9.532882363436686
bkp103t,54t,6.244115271545185
bkp103t,59t,3.8679684838937023
bkp103t,61t,12.207044454328278
bkp103t,bkp100t,17.793143015574117
bkp103t,bkp101t,22.718091129080744
bkp103t,bkp102t,13.135962389467878
bkp103t,bkp103t,0.0
bkp103t,bkp104t,15.014786644074396
bkp103t,bkp105t,16.612414605104934
bkp103t,bkp112t,11.231451379262072
bkp103t,bkp114t,7.996852656501794
bkp103t,bkp116t,5.641907035921054
bkp103t,bkp117t,20.816153497181308
bkp103t,bkp118t,24.77815220643102
bkp103t,bkp119t,9.708120085153656
bkp103t,bkp121t,15.850758647020518
bkp103t,bkp120t,16.489286743004918
bkp103t,bkp122t,9.226412285965807
bkp103t,bkp123t,5.134435574339363
bkp103t,bkp124t,4.680889780102353
bkp103t,bkp126t,17.68127783533645
bkp103t,bkp125t,18.302594701055884
bkp103t,bkp128t,30.907560822818606
bkp103t,bkp127t,17.405446056372284
bkp103t,bkp129t,38.79828287196895
bkp103t,bkp130t,15.571562602367049
bkp103t,bkp131t,12.154793848783616
bkp103t,bkp133t,2.9487053327127253
bkp103t,bkp56t,5.841940504397811
bkp103t,bkp57t,14.59641164916371
bkp103t,bkp58t,12.453911122735867
bkp103t,bkp59t,4.9914815845705895
bkp103t,bkp60t,2.5111146990761943
bkp103t,bkp62t,6.3693259675817435
bkp103t,bkp61t,4.197572755143873
bkp103t,bkp64t,11.369937640757728
bkp103t,bkp66t,8.20671193022624
bkp103t,bkp67t,9.821943588749443
bkp103t,bkp69t,13.756566655401919
bkp103t,bkp70t,11.237314497088626
bkp103t,bkp65t,7.14553157620405
bkp103t,bkp71t,17.315362088237194
bkp103t,bkp72t,19.819000365818198
bkp103t,bkp74t,16.12851178170407
bkp103t,bkp73t,9.44613200673302
bkp103t,bkp80t,39.195988790836424
bkp103t,bkp79t,25.20071873106108
bkp103t,bkp81t,19.02416872888543
bkp103t,bkp78t,31.152849350335078
bkp103t,bkp77t,20.102526156285126
bkp103t,bkp82t,10.137920401792986
bkp103t,bkp76t,15.678605417000627
bkp103t,bkp75t,20.20764685392867
bkp103t,o26,48.97693937175597
bkp103t,14t,22.22303140610283
bkp103t,18t,23.7941069594471
bkp103t,17t,16.38841164043288
bkp103t,08t,14.894912390014794
bkp103t,22t,13.511122161608325
bkp103t,13t,7.035274320713365
bkp103t,20t,29.788688290577934
bkp103t,81t,48.77347272533237
bkp103t,o10,15.906039792062149
bkp103t,bkp98t,13.218458373659788
bkp103t,bkp97t,13.109351916560076
bkp103t,bkp99t,19.70119876828677
bkp103t,bkp95t,3.8832290101973257
bkp103t,bkp93t,8.244805516201058
bkp103t,27t,37.586523828863534
bkp103t,16t,20.14453587797096
bkp103t,bkp96t,11.100112437061563
bkp103t,bkp92t,3.2979336216681485
bkp103t,bkp91t,15.892330596581369
bkp103t,bkp89t,20.86159998276673
bkp103t,bkp87t,17.07330620168681
bkp103t,bkp85t,4.782255377238105
bkp103t,19t,38.24674490889275
bkp103t,o63,17.71765113141387
bkp103t,bkp90t,22.46241997835512
bkp103t,bkp88t,9.819416210523796
bkp103t,bkp86t,8.61380853010396
bkp103t,bkp94t,12.76790284113647
bkp103t,bkp84t,7.9634148031144605
bkp103t,bkp83t,6.622731755177369
bkp103t,bkp63t,3.2573106375630907
bkp104t,02t,9.627899948862204
bkp104t,03t,5.949945366618739
bkp104t,11t,19.74677086311765
bkp104t,12t,14.950874401731175
bkp104t,50t,14.291211736971448
bkp104t,52t,9.041229785427364
bkp104t,53t,22.739386627670704
bkp104t,54t,17.395799440156928
bkp104t,59t,16.797427964940763
bkp104t,61t,23.602835866986336
bkp104t,bkp100t,29.82715757870633
bkp104t,bkp101t,36.69784689180498
bkp104t,bkp102t,8.365456946626175
bkp104t,bkp103t,15.014786644074396
bkp104t,bkp104t,0.0
bkp104t,bkp105t,4.850699285369645
bkp104t,bkp112t,10.091568097375532
bkp104t,bkp114t,14.839821533211296
bkp104t,bkp116t,20.067715003724064
bkp104t,bkp117t,27.564700076945634
bkp104t,bkp118t,35.68210006648762
bkp104t,bkp119t,17.47429055312909
bkp104t,bkp121t,10.151638162065767
bkp104t,bkp120t,31.06359436794858
bkp104t,bkp122t,16.54966159196248
bkp104t,bkp123t,19.65397921685358
bkp104t,bkp124t,10.556706908663205
bkp104t,bkp126t,2.872241977590626
bkp104t,bkp125t,30.378520604730394
bkp104t,bkp128t,40.282862497682636
bkp104t,bkp127t,8.12994605381141
bkp104t,bkp129t,51.66393396602242
bkp104t,bkp130t,30.48204779426331
bkp104t,bkp131t,11.823219898429139
bkp104t,bkp133t,12.32742485125546
bkp104t,bkp56t,17.573761086179033
bkp104t,bkp57t,20.842977937150597
bkp104t,bkp58t,10.557006602699094
bkp104t,bkp59t,15.213732055698875
bkp104t,bkp60t,15.025938703518387
bkp104t,bkp62t,12.105974961668192
bkp104t,bkp61t,13.265198190520254
bkp104t,bkp64t,22.547293558994795
bkp104t,bkp66t,14.343968592243602
bkp104t,bkp67t,12.722336050197157
bkp104t,bkp69t,15.043713454883092
bkp104t,bkp70t,19.52988602899892
bkp104t,bkp65t,13.536694310287825
bkp104t,bkp71t,26.43612025746617
bkp104t,bkp72t,24.647794695031486
bkp104t,bkp74t,31.08859985544231
bkp104t,bkp73t,24.420889100882885
bkp104t,bkp80t,52.06696044080404
bkp104t,bkp79t,38.29315562312332
bkp104t,bkp81t,25.833214340592427
bkp104t,bkp78t,40.592099716615394
bkp104t,bkp77t,32.40236538239254
bkp104t,bkp82t,8.30776603837416
bkp104t,bkp76t,26.871090097647517
bkp104t,bkp75t,35.01840146193511
bkp104t,o26,34.16622277319716
bkp104t,14t,9.529667492008445
bkp104t,18t,22.9620699316998
bkp104t,17t,14.159610908582827
bkp104t,08t,14.888367748080508
bkp104t,22t,27.637341399975156
bkp104t,13t,21.63714014212443
bkp104t,20t,44.19120592779751
bkp104t,81t,41.04493120604413
bkp104t,o10,27.209926388707647
bkp104t,bkp98t,28.213011938043056
bkp104t,bkp97t,28.083177270845166
bkp104t,bkp99t,30.94582292661708
bkp104t,bkp95t,18.715941944707804
bkp104t,bkp93t,20.440982067826443
bkp104t,27t,22.571753576987327
bkp104t,16t,18.369956307425383
bkp104t,bkp96t,24.51422699939853
bkp104t,bkp92t,12.330331027370532
bkp104t,bkp91t,10.668451648992365
bkp104t,bkp89t,7.325284755973567
bkp104t,bkp87t,8.090856244395816
bkp104t,bkp85t,10.269641736050279
bkp104t,19t,41.279015028284086
bkp104t,o63,21.425748175480877
bkp104t,bkp90t,7.552696407655337
bkp104t,bkp88t,5.528856332422122
bkp104t,bkp86t,9.651481949243516
bkp104t,bkp94t,18.900621295198253
bkp104t,bkp84t,7.848616034455539
bkp104t,bkp83t,10.506225890766938
bkp104t,bkp63t,16.412801833467427
bkp105t,02t,9.915369458111648
bkp105t,03t,3.443188305765615
bkp105t,11t,19.597892808443877
bkp105t,12t,13.133833342930552
bkp105t,50t,13.491156556169093
bkp105t,52t,9.254166594770581
bkp105t,53t,22.690185132136477
bkp105t,54t,17.23800161584205
bkp105t,59t,17.34276984379187
bkp105t,61t,22.75209448669401
bkp105t,bkp100t,28.847565781104038
bkp105t,bkp101t,36.517403193687144
bkp105t,bkp102t,5.59534527590452
bkp105t,bkp103t,16.612414605104934
bkp105t,bkp104t,4.850699285369645
bkp105t,bkp105t,0.0
bkp105t,bkp112t,8.090314851740487
bkp105t,bkp114t,13.914077988404545
bkp105t,bkp116t,20.84134802055749
bkp105t,bkp117t,24.910962973726257
bkp105t,bkp118t,34.02646322814536
bkp105t,bkp119t,16.204388070873268
bkp105t,bkp121t,6.131185849555568
bkp105t,bkp120t,33.09362465922966
bkp105t,bkp122t,15.330995618936699
bkp105t,bkp123t,20.516151285365705
bkp105t,bkp124t,12.853898307849379
bkp105t,bkp126t,6.171732390988823
bkp105t,bkp125t,29.39236251911361
bkp105t,bkp128t,37.95532831283375
bkp105t,bkp127t,12.898161029370288
bkp105t,bkp129t,50.563460600667696
bkp105t,bkp130t,31.35098232688413
bkp105t,bkp131t,9.340812864241038
bkp105t,bkp133t,13.67845432804977
bkp105t,bkp56t,17.57451766036222
bkp105t,bkp57t,18.589473038692134
bkp105t,bkp58t,7.963300578855051
bkp105t,bkp59t,15.285577250078122
bkp105t,bkp60t,15.877208492742225
bkp105t,bkp62t,11.937684306851427
bkp105t,bkp61t,13.733168800715934
bkp105t,bkp64t,21.709779768269236
bkp105t,bkp66t,13.336837706750396
bkp105t,bkp67t,11.142381183189096
bkp105t,bkp69t,12.200199695248385
bkp105t,bkp70t,18.08341660480418
bkp105t,bkp65t,12.916500818518498
bkp105t,bkp71t,24.580308272341455
bkp105t,bkp72t,21.644636287629034
bkp105t,bkp74t,32.61939607787984
bkp105t,bkp73t,25.55812716415543
bkp105t,bkp80t,50.96443419354376
bkp105t,bkp79t,41.19632206015593
bkp105t,bkp81t,23.304438051841725
bkp105t,bkp78t,38.27839729588012
bkp105t,bkp77t,31.43353669786473
bkp105t,bkp82t,7.303094261580243
bkp105t,bkp76t,25.711912886550568
bkp105t,bkp75t,35.64652964392912
bkp105t,o26,34.563998554958744
bkp105t,14t,13.226656159754118
bkp105t,18t,18.740711962519107
bkp105t,17t,10.394353109215263
bkp105t,08t,11.665116321508545
bkp105t,22t,29.959102853459513
bkp105t,13t,23.608959049351057
bkp105t,20t,46.3820316492619
bkp105t,81t,45.18897649713167
bkp105t,o10,26.07277595605928
bkp105t,bkp98t,29.336851099239524
bkp105t,bkp97t,29.599406380226164
bkp105t,bkp99t,29.597041312724798
bkp105t,bkp95t,19.871781600578498
bkp105t,bkp93t,20.195448489001297
bkp105t,27t,22.199900967104313
bkp105t,16t,14.230838517720061
bkp105t,bkp96t,24.442238593611318
bkp105t,bkp92t,13.453972158813658
bkp105t,bkp91t,6.680227747524707
bkp105t,bkp89t,10.818703515478665
bkp105t,bkp87t,12.887515707699626
bkp105t,bkp85t,11.947950565981802
bkp105t,19t,37.29399059403823
bkp105t,o63,18.379605506287856
bkp105t,bkp90t,7.255692554368439
bkp105t,bkp88t,7.0084574846958265
bkp105t,bkp86t,13.445201917665273
bkp105t,bkp94t,16.869383069583517
bkp105t,bkp84t,8.65396755673174
bkp105t,bkp83t,10.650611828550065
bkp105t,bkp63t,17.108742791024305
bkp112t,02t,4.571907771489616
bkp112t,03t,11.500627366141714
bkp112t,11t,11.95367811087699
bkp112t,12t,5.073013990625951
bkp112t,50t,5.699499931678477
bkp112t,52t,4.234514651497757
bkp112t,53t,15.02106095990909
bkp112t,54t,9.695019208922282
bkp112t,59t,10.475716282451351
bkp112t,61t,14.715268555040963
bkp112t,bkp100t,20.76761834287357
bkp112t,bkp101t,28.62075332519734
bkp112t,bkp102t,2.618458420917626
bkp112t,bkp103t,11.231451379262072
bkp112t,bkp104t,10.091568097375532
bkp112t,bkp105t,8.090314851740487
bkp112t,bkp112t,0.0
bkp112t,bkp114t,6.014283485380576
bkp112t,bkp116t,13.95877170458233
bkp112t,bkp117t,17.47326680460153
bkp112t,bkp118t,26.009250114019434
bkp112t,bkp119t,8.128216711768275
bkp112t,bkp121t,4.709684699570361
bkp112t,bkp120t,27.183482312699912
bkp112t,bkp122t,7.272836508622991
bkp112t,bkp123t,13.750322690153219
bkp112t,bkp124t,9.529370552551846
bkp112t,bkp126t,12.758546706768467
bkp112t,bkp125t,21.31099120747884
bkp112t,bkp128t,30.264629112513706
bkp112t,bkp127t,17.193771521667156
bkp112t,bkp129t,42.47467606553783
bkp112t,bkp130t,24.19572777670079
bkp112t,bkp131t,1.877642518869891
bkp112t,bkp133t,8.528718249161312
bkp112t,bkp56t,10.144832488998642
bkp112t,bkp57t,10.79817344259442
bkp112t,bkp58t,1.2751604658446538
bkp112t,bkp59t,8.114075575725305
bkp112t,bkp60t,9.557918247479272
bkp112t,bkp62t,5.044837326210436
bkp112t,bkp61t,7.276953950174388
bkp112t,bkp64t,13.684046179733567
bkp112t,bkp66t,5.419706893679744
bkp112t,bkp67t,3.0681390328580784
bkp112t,bkp69t,5.12041101755129
bkp112t,bkp70t,9.994221987975953
bkp112t,bkp65t,5.3286861053036
bkp112t,bkp71t,16.60493632927472
bkp112t,bkp72t,14.623565116669619
bkp112t,bkp74t,26.105177334122185
bkp112t,bkp73t,18.833295291561512
bkp112t,bkp80t,42.87578825005239
bkp112t,bkp79t,36.39752747639624
bkp112t,bkp81t,15.748092819486999
bkp112t,bkp78t,30.57875810398182
bkp112t,bkp77t,23.351323552554227
bkp112t,bkp82t,2.2530975299662632
bkp112t,bkp76t,17.62274754239531
bkp112t,bkp75t,28.227165369735967
bkp112t,o26,42.653820234895775
bkp112t,14t,19.613482969080536
bkp112t,18t,14.565690982086053
bkp112t,17t,5.79249270351025
bkp112t,08t,5.372841898774945
bkp112t,22t,24.572291619091892
bkp112t,13t,18.044762514626424
bkp112t,20t,40.41504745688101
bkp112t,81t,50.6823899199845
bkp112t,o10,17.984258159615298
bkp112t,bkp98t,22.47184552784163
bkp112t,bkp97t,23.154980312715075
bkp112t,bkp99t,21.515323287523366
bkp112t,bkp95t,13.499226711115215
bkp112t,bkp93t,12.466881168577089
bkp112t,27t,30.238118346055195
bkp112t,16t,10.167359930677216
bkp112t,bkp96t,16.720781744053447
bkp112t,bkp92t,8.012078274498549
bkp112t,bkp91t,4.683397094673289
bkp112t,bkp89t,17.4083769146672
bkp112t,bkp87t,17.02085865495403
bkp112t,bkp85t,7.903743401319284
bkp112t,19t,31.94237208730628
bkp112t,o63,11.45303450924356
bkp112t,bkp90t,15.322578515657149
bkp112t,bkp88t,6.180430676624973
bkp112t,bkp86t,12.817468227027689
bkp112t,bkp94t,8.930594418702885
bkp112t,bkp84t,5.124643514422649
bkp112t,bkp83t,4.676475320574219
bkp112t,bkp63t,10.439492006420917
bkp114t,02t,5.562740768442394
bkp114t,03t,17.3565106943339
bkp114t,11t,5.997418988561388
bkp114t,12t,2.7407874785763537
bkp114t,50t,0.6174481023226258
bkp114t,52t,5.990761999116667
bkp114t,53t,9.030169270961629
bkp114t,54t,3.894364606994403
bkp114t,59t,5.480282142173813
bkp114t,61t,8.88132315663666
bkp114t,bkp100t,15.06376823294082
bkp114t,bkp101t,22.63371046845146
bkp114t,bkp102t,8.62718343483783
bkp114t,bkp103t,7.996852656501794
bkp114t,bkp104t,14.839821533211296
bkp114t,bkp105t,13.914077988404545
bkp114t,bkp112t,6.014283485380576
bkp114t,bkp114t,0.0
bkp114t,bkp116t,8.588963119768271
bkp114t,bkp117t,14.076331184089309
bkp114t,bkp118t,20.88382356406611
bkp114t,bkp119t,2.7366820187066883
bkp114t,bkp121t,10.366744593103755
bkp114t,bkp120t,22.150911898187722
bkp114t,bkp122t,1.8392726308300897
bkp114t,bkp123t,8.512915138193963
bkp114t,bkp124t,9.127205786543326
bkp114t,bkp126t,17.69257693472137
bkp114t,bkp125t,15.614021084660038
bkp114t,bkp128t,25.89944562181047
bkp114t,bkp127t,20.502595058120907
bkp114t,bkp129t,36.89221922758587
bkp114t,bkp130t,18.383532589384338
bkp114t,bkp131t,5.7230264417556045
bkp114t,bkp133t,6.573581597902543
bkp114t,bkp56t,4.445483151277296
bkp114t,bkp57t,7.268722584201905
bkp114t,bkp58t,6.730776090775146
bkp114t,bkp59t,3.1822082468735733
bkp114t,bkp60t,5.5677944010092055
bkp114t,bkp62t,3.163157579068852
bkp114t,bkp61t,4.10502672566341
bkp114t,bkp64t,7.828876521980567
bkp114t,bkp66t,0.5954556633086036
bkp114t,bkp67t,3.0838312755073485
bkp114t,bkp69t,6.064681528966951
bkp114t,bkp70t,4.831325244883575
bkp114t,bkp65t,1.4621994740655788
bkp114t,bkp71t,11.850030708391808
bkp114t,bkp72t,12.31270054618897
bkp114t,bkp74t,20.666288431373754
bkp114t,bkp73t,13.395275266045736
bkp114t,bkp80t,37.29491373437947
bkp114t,bkp79t,31.988420169459616
bkp114t,bkp81t,12.232765266341037
bkp114t,bkp78t,26.1906889130843
bkp114t,bkp77t,17.651509817960825
bkp114t,bkp82t,6.747068211484072
bkp114t,bkp76t,12.042255228774577
bkp114t,bkp75t,22.278482224350547
bkp114t,o26,48.3950654211199
bkp114t,14t,23.9965982438266
bkp114t,18t,15.842509381625158
bkp114t,17t,9.275170205987996
bkp114t,08t,7.363292463618178
bkp114t,22t,20.012967774500368
bkp114t,13t,13.66219660545051
bkp114t,20t,35.17088229706666
bkp114t,81t,53.694760077925295
bkp114t,o10,12.386253702111583
bkp114t,bkp98t,16.853871211397518
bkp114t,bkp97t,17.819347326536814
bkp114t,bkp99t,16.106069198113723
bkp114t,bkp95t,8.70555238415525
bkp114t,bkp93t,6.468240069697561
bkp114t,27t,36.11362757730532
bkp114t,16t,12.449055302430638
bkp114t,bkp96t,10.712513271225374
bkp114t,bkp92t,5.947477893481178
bkp114t,bkp91t,10.16577338035596
bkp114t,bkp89t,22.02456585069346
bkp114t,bkp87t,20.25095636132901
bkp114t,bkp85t,7.57462541147025
bkp114t,19t,30.715578214313375
bkp114t,o63,9.86377069226004
bkp114t,bkp90t,21.018178293915557
bkp114t,bkp88t,9.608807701787269
bkp114t,bkp86t,13.635491870705259
bkp114t,bkp94t,5.2227222402040745
bkp114t,bkp84t,7.384974493307211
bkp114t,bkp83t,4.737940651532345
bkp114t,bkp63t,5.724412111229566
bkp116t,02t,10.93532288149056
bkp116t,03t,24.172523620284434
bkp116t,11t,3.9031952931669522
bkp116t,12t,11.1735015335644
bkp116t,50t,8.594826677314776
bkp116t,52t,11.596814549431237
bkp116t,53t,4.3147894306589665
bkp116t,54t,4.808478972389796
bkp116t,59t,3.5262812216668213
bkp116t,61t,7.789241998207722
bkp116t,bkp100t,12.573342497861967
bkp116t,bkp101t,17.089141235367595
bkp116t,bkp102t,16.369430947353475
bkp116t,bkp103t,5.641907035921054
bkp116t,bkp104t,20.067715003724064
bkp116t,bkp105t,20.84134802055749
bkp116t,bkp112t,13.95877170458233
bkp116t,bkp114t,8.588963119768271
bkp116t,bkp116t,0.0
bkp116t,bkp117t,17.710168026768063
bkp116t,bkp118t,19.73172214489577
bkp116t,bkp119t,8.63614995952507
bkp116t,bkp121t,18.621457563155
bkp116t,bkp120t,13.575422019881271
bkp116t,bkp122t,8.709636800539277
bkp116t,bkp123t,0.5284453471071184
bkp116t,bkp124t,10.222293853481183
bkp116t,bkp126t,22.848614556608094
bkp116t,bkp125t,13.048894384522683
bkp116t,bkp128t,26.2152204888481
bkp116t,bkp127t,23.041329236333702
bkp116t,bkp129t,33.18662250832769
bkp116t,bkp130t,10.521542749772323
bkp116t,bkp131t,14.169154245550216
bkp116t,bkp133t,7.789303826832258
bkp116t,bkp56t,4.1972280796486
bkp116t,bkp57t,12.716933273079535
bkp116t,bkp58t,14.955657022071577
bkp116t,bkp59t,5.846648806113156
bkp116t,bkp60t,5.057109063475777
bkp116t,bkp62t,9.06316221479004
bkp116t,bkp61t,7.10822584442497
bkp116t,bkp64t,7.264643364707725
bkp116t,bkp66t,9.100570673140014
bkp116t,bkp67t,11.496944141145342
bkp116t,bkp69t,14.524961174689913
bkp116t,bkp70t,9.151065555858368
bkp116t,bkp65t,8.701999765814486
bkp116t,bkp71t,13.460574833345294
bkp116t,bkp72t,17.702861056511143
bkp116t,bkp74t,12.16058525756137
bkp116t,bkp73t,4.876747227673865
bkp116t,bkp80t,33.58322992108587
bkp116t,bkp79t,23.6408376734999
bkp116t,bkp81t,16.091086257862244
bkp116t,bkp78t,26.43324936699855
bkp116t,bkp77t,14.725671132790144
bkp116t,bkp82t,13.690911301235996
bkp116t,bkp76t,10.952345715162297
bkp116t,bkp75t,14.959819250413226
bkp116t,o26,54.21604009625777
bkp116t,14t,27.778937124344985
bkp116t,18t,23.565061348704777
bkp116t,17t,17.85934991316146
bkp116t,08t,15.875605507925846
bkp116t,22t,11.712384519288193
bkp116t,13t,5.955074733996347
bkp116t,20t,26.59856884265752
bkp116t,81t,54.10199364478364
bkp116t,o10,11.106696714854865
bkp116t,bkp98t,8.549227259018876
bkp116t,bkp97t,9.254256351086443
bkp116t,bkp99t,14.704607105733597
bkp116t,bkp95t,1.9789982013765715
bkp116t,bkp93t,4.29182842718444
bkp116t,27t,42.531192803873886
bkp116t,16t,20.747963179508535
bkp116t,bkp96t,5.628164146386273
bkp116t,bkp92t,7.737614938407193
bkp116t,bkp91t,18.504804232478534
bkp116t,bkp89t,26.319199470715144
bkp116t,bkp87t,22.7109391643664
bkp116t,bkp85t,9.896098579686491
bkp116t,19t,35.61226086553905
bkp116t,o63,16.43999941279591
bkp116t,bkp90t,27.28698615836406
bkp116t,bkp88t,14.607801066833614
bkp116t,bkp86t,14.235927156023315
bkp116t,bkp94t,11.457331124554896
bkp116t,bkp84t,12.417953104728635
bkp116t,bkp83t,10.193592820585845
bkp116t,bkp63t,3.7371891784306603
bkp117t,02t,19.423146051844995
bkp117t,03t,27.981572646858975
bkp117t,11t,13.950858422256323
bkp117t,12t,12.826211735091938
bkp117t,50t,14.687396064321222
bkp117t,52t,19.703477521750376
bkp117t,53t,14.141923388345042
bkp117t,54t,14.580158449414897
bkp117t,59t,17.047634458240026
bkp117t,61t,10.322203368264827
bkp117t,bkp100t,10.80878068024835
bkp117t,bkp101t,19.56841182934426
bkp117t,bkp102t,19.48354782288968
bkp117t,bkp103t,20.816153497181308
bkp117t,bkp104t,27.564700076945634
bkp117t,bkp105t,24.910962973726257
bkp117t,bkp112t,17.47326680460153
bkp117t,bkp114t,14.076331184089309
bkp117t,bkp116t,17.710168026768063
bkp117t,bkp117t,0.0
bkp117t,bkp118t,11.0885139413879
bkp117t,bkp119t,11.506606825863914
bkp117t,bkp121t,19.100735827024124
bkp117t,bkp120t,28.692541856243874
bkp117t,bkp122t,12.285443976960185
bkp117t,bkp123t,18.064684240652028
bkp117t,bkp124t,23.12496955877782
bkp117t,bkp126t,30.203579807973817
bkp117t,bkp125t,11.034512115576408
bkp117t,bkp128t,13.150174379632443
bkp117t,bkp127t,34.25678247091771
bkp117t,bkp129t,27.99195761947336
bkp117t,bkp130t,21.614209256277007
bkp117t,bkp131t,15.792946003057166
bkp117t,bkp133t,20.378643493115845
bkp117t,bkp56t,15.034722837494598
bkp117t,bkp57t,6.900485785881293
bkp117t,bkp58t,17.1286687299457
bkp117t,bkp59t,16.094316703822436
bkp117t,bkp60t,18.387815647515616
bkp117t,bkp62t,17.21296489427546
bkp117t,bkp61t,17.88792052930001
bkp117t,bkp64t,10.535564101967507
bkp117t,bkp66t,14.308498596891262
bkp117t,bkp67t,15.056848384426923
bkp117t,bkp69t,12.718949436531881
bkp117t,bkp70t,9.64591540257283
bkp117t,bkp65t,15.520274248276644
bkp117t,bkp71t,4.863030930829128
bkp117t,bkp72t,3.792550685065312
bkp117t,bkp74t,25.76962180408242
bkp117t,bkp73t,20.344466920385514
bkp117t,bkp80t,28.366217914017657
bkp117t,bkp79t,39.40845206599032
bkp117t,bkp81t,1.8441921393609322
bkp117t,bkp78t,13.48293940242092
bkp117t,bkp77t,12.265571974841126
bkp117t,bkp82t,19.38364088485489
bkp117t,bkp76t,8.818275456836025
bkp117t,bkp75t,23.01080626849018
bkp117t,o26,58.60537922679182
bkp117t,14t,37.081468110569
bkp117t,18t,12.26813162732284
bkp117t,17t,15.074478199264373
bkp117t,08t,13.317703101097985
bkp117t,22t,28.334242940606817
bkp117t,13t,23.587442709550228
bkp117t,20t,39.40820156532136
bkp117t,81t,67.66018592144218
bkp117t,o10,9.007542238109762
bkp117t,bkp98t,21.86690189220374
bkp117t,bkp97t,23.99196508479096
bkp117t,bkp99t,9.266735488487708
bkp117t,bkp95t,19.233330155624575
bkp117t,bkp93t,13.436589586474303
bkp117t,27t,45.83447734326689
bkp117t,16t,13.471763199871429
bkp117t,bkp96t,14.210121735475155
bkp117t,bkp92t,19.797234239219733
bkp117t,bkp91t,18.588912530812408
bkp117t,bkp89t,34.879884410305735
bkp117t,bkp87t,34.03540537913311
bkp117t,bkp85t,21.633323313072175
bkp117t,19t,17.92759648488921
bkp117t,o63,6.75556375035353
bkp117t,bkp90t,32.02582634686559
bkp117t,bkp88t,23.07334656394672
bkp117t,bkp86t,27.69362292993873
bkp117t,bkp94t,8.972681929858872
bkp117t,bkp84t,21.1146515928015
bkp117t,bkp83t,18.687194063981682
bkp117t,bkp63t,17.624815833891066
bkp118t,02t,26.370259440381467
bkp118t,03t,37.34543440730151
bkp118t,11t,17.347591288381487
bkp118t,12t,20.937084891524325
bkp118t,50t,21.46082412070422
bkp118t,52t,26.85173835994193
bkp118t,53t,15.429375292299044
bkp118t,54t,19.237325542761443
bkp118t,59t,21.057633373977925
bkp118t,61t,12.692849209139915
bkp118t,bkp100t,7.214036102945486
bkp118t,bkp101t,11.205846933275312
bkp118t,bkp102t,28.43111940788421
bkp118t,bkp103t,24.77815220643102
bkp118t,bkp104t,35.68210006648762
bkp118t,bkp105t,34.02646322814536
bkp118t,bkp112t,26.009250114019434
bkp118t,bkp114t,20.88382356406611
bkp118t,bkp116t,19.73172214489577
bkp118t,bkp117t,11.0885139413879
bkp118t,bkp118t,0.0
bkp118t,bkp119t,18.209960438987398
bkp118t,bkp121t,28.797554449222545
bkp118t,bkp120t,25.580312632514563
bkp118t,bkp122t,19.135451174192724
bkp118t,bkp123t,20.24357021540586
bkp118t,bkp124t,28.54344825270901
bkp118t,bkp126t,38.50918226916104
bkp118t,bkp125t,6.800665693644311
bkp118t,bkp128t,7.052067321080275
bkp118t,bkp127t,41.09342568273447
bkp118t,bkp129t,17.045704810153694
bkp118t,bkp130t,17.593507492715762
bkp118t,bkp131t,24.697984138923918
bkp118t,bkp133t,25.64138994884487
bkp118t,bkp56t,19.363372867817702
bkp118t,bkp57t,15.596969850688113
bkp118t,bkp58t,26.07178212035891
bkp118t,bkp59t,21.3937394668232
bkp118t,bkp60t,22.917700934161445
bkp118t,bkp62t,23.857502750141897
bkp118t,bkp61t,23.51727857555809
bkp118t,bkp64t,13.65977785158263
bkp118t,bkp66t,21.352505089562626
bkp118t,bkp67t,23.070724085569562
bkp118t,bkp69t,22.16985238507397
bkp118t,bkp70t,16.154782370664748
bkp118t,bkp65t,22.262996361348666
bkp118t,bkp71t,9.465476212939972
bkp118t,bkp72t,14.806558390400829
bkp118t,bkp74t,22.09577651036502
bkp118t,bkp73t,19.686373562256755
bkp118t,bkp80t,17.430943687480024
bkp118t,bkp79t,35.69506528839851
bkp118t,bkp81t,11.853246412732657
bkp118t,bkp78t,7.1732104606207105
bkp118t,bkp77t,5.720887005838301
bkp118t,bkp82t,27.423226043032287
bkp118t,bkp76t,9.177804748147523
bkp118t,bkp75t,16.627396637534872
bkp118t,o26,68.44610839603867
bkp118t,14t,44.87051689726191
bkp118t,18t,23.332686322897583
bkp118t,17t,25.205642744318382
bkp118t,08t,23.132257453680868
bkp118t,22t,26.749469572912208
bkp118t,13t,24.33251974804477
bkp118t,20t,33.245641728022115
bkp118t,81t,73.5255209601953
bkp118t,o10,8.91123084602893
bkp118t,bkp98t,19.171013311264122
bkp118t,bkp97t,21.59321333020769
bkp118t,bkp99t,5.077108000590839
bkp118t,bkp95t,21.694204668727632
bkp118t,bkp93t,16.5900870850136
bkp118t,27t,55.80675446286801
bkp118t,16t,24.360390504932386
bkp118t,bkp96t,14.224862512472034
bkp118t,bkp92t,25.223003950418946
bkp118t,bkp91t,28.344518624241374
bkp118t,bkp89t,42.90648152704281
bkp118t,bkp87t,40.81167350455352
bkp118t,bkp85t,27.467643938930873
bkp118t,19t,22.845103938209554
bkp118t,o63,17.31882230301251
bkp118t,bkp90t,41.282016602774924
bkp118t,bkp88t,30.483672903368088
bkp118t,bkp86t,33.10144020313394
bkp118t,bkp94t,17.16578976954377
bkp118t,bkp84t,28.217516602747285
bkp118t,bkp83t,25.503238686618552
bkp118t,bkp63t,21.66107411067307
bkp119t,02t,8.29925035890205
bkp119t,03t,19.626039975091206
bkp119t,11t,5.122889980735638
bkp119t,12t,3.3677966035678732
bkp119t,50t,3.3469491788081744
bkp119t,52t,8.717837682027263
bkp119t,53t,7.7279995773219525
bkp119t,54t,3.9871516652191334
bkp119t,59t,6.367007506979689
bkp119t,61t,6.619278598022567
bkp119t,bkp100t,12.643199625895695
bkp119t,bkp101t,20.64537615232133
bkp119t,bkp102t,10.717699768282007
bkp119t,bkp103t,9.708120085153656
bkp119t,bkp104t,17.47429055312909
bkp119t,bkp105t,16.204388070873268
bkp119t,bkp112t,8.128216711768275
bkp119t,bkp114t,2.7366820187066883
bkp119t,bkp116t,8.63614995952507
bkp119t,bkp117t,11.506606825863914
bkp119t,bkp118t,18.209960438987398
bkp119t,bkp119t,0.0
bkp119t,bkp121t,11.965309901921612
bkp119t,bkp120t,22.05016244557971
bkp119t,bkp122t,0.9258230669367579
bkp119t,bkp123t,8.727736108005223
bkp119t,bkp124t,11.6190466636641
bkp119t,bkp126t,20.309537609140605
bkp119t,bkp125t,13.188034722507545
bkp119t,bkp128t,23.163035197104126
bkp119t,bkp127t,23.237543752571558
bkp119t,bkp129t,34.40151531110795
bkp119t,bkp130t,17.370038250608186
bkp119t,bkp131t,7.303045139338209
bkp119t,bkp133t,8.889553108834866
bkp119t,bkp56t,4.60547572349043
bkp119t,bkp57t,4.911340104217121
bkp119t,bkp58t,8.54782990022928
bkp119t,bkp59t,4.747158887250378
bkp119t,bkp60t,7.198534624642563
bkp119t,bkp62t,5.877998186243152
bkp119t,bkp61t,6.3891948704971995
bkp119t,bkp64t,5.613179134145781
bkp119t,bkp66t,3.152200769489908
bkp119t,bkp67t,5.063396688749034
bkp119t,bkp69t,6.330269314368304
bkp119t,bkp70t,2.0958182906884613
bkp119t,bkp65t,4.188193351767072
bkp119t,bkp71t,9.114086153098677
bkp119t,bkp72t,10.12013338383724
bkp119t,bkp74t,20.166545915737604
bkp119t,bkp73t,13.07506315756566
bkp119t,bkp80t,34.803477751648224
bkp119t,bkp79t,32.27144187961214
bkp119t,bkp81t,9.665124046243188
bkp119t,bkp78t,23.45407124870044
bkp119t,bkp77t,15.229329824401932
bkp119t,bkp82t,9.255506330496923
bkp119t,bkp76t,9.524573736989371
bkp119t,bkp75t,20.899186493493335
bkp119t,o26,50.76355455448177
bkp119t,14t,26.70261832150845
bkp119t,18t,14.943438493977002
bkp119t,17t,9.919363544505025
bkp119t,08t,7.715149728572098
bkp119t,22t,20.347270519167505
bkp119t,13t,14.319644435427634
bkp119t,20t,34.74000075855868
bkp119t,81t,56.39170372159151
bkp119t,o10,9.881080245319728
bkp119t,bkp98t,16.190493413254405
bkp119t,bkp97t,17.492987965309396
bkp119t,bkp99t,13.510037038829324
bkp119t,bkp95t,9.348296382330641
bkp119t,bkp93t,5.286280049844745
bkp119t,27t,38.365734886400666
bkp119t,16t,12.215279402309559
bkp119t,bkp96t,9.208604063242856
bkp119t,bkp92t,8.298187970843111
bkp119t,bkp91t,11.664429530890015
bkp119t,bkp89t,24.70298242903485
bkp119t,bkp87t,22.98454867244919
bkp119t,bkp85t,10.15088331960646
bkp119t,19t,28.564327634144192
bkp119t,o63,8.120996958542463
bkp119t,bkp90t,23.401801393120085
bkp119t,bkp88t,12.32216363970483
bkp119t,bkp86t,16.201448478294477
bkp119t,bkp94t,3.0808807655668966
bkp119t,bkp84t,10.117683985754857
bkp119t,bkp83t,7.4726354692488
bkp119t,bkp63t,6.821198687480267
bkp121t,02t,8.927811243816082
bkp121t,03t,8.909270283562293
bkp121t,11t,16.36225525936158
bkp121t,12t,8.605631282731782
bkp121t,50t,10.170758619164342
bkp121t,52t,8.428474182569575
bkp121t,53t,19.365285716243122
bkp121t,54t,14.205853560084773
bkp121t,59t,15.16281623318412
bkp121t,61t,18.539894586567232
bkp121t,bkp100t,24.300296620565078
bkp121t,bkp101t,32.6017140912198
bkp121t,bkp102t,2.945681034022057
bkp121t,bkp103t,15.850758647020518
bkp121t,bkp104t,10.151638162065767
bkp121t,bkp105t,6.131185849555568
bkp121t,bkp112t,4.709684699570361
bkp121t,bkp114t,10.366744593103755
bkp121t,bkp116t,18.621457563155
bkp121t,bkp117t,19.100735827024124
bkp121t,bkp118t,28.797554449222545
bkp121t,bkp119t,11.965309901921612
bkp121t,bkp121t,0.0
bkp121t,bkp120t,31.893096971625162
bkp121t,bkp122t,11.241069740990714
bkp121t,bkp123t,18.431104127093942
bkp121t,bkp124t,13.564501079657894
bkp121t,bkp126t,12.147832720581794
bkp121t,bkp125t,24.825700779968837
bkp121t,bkp128t,32.23339191622631
bkp121t,bkp127t,18.182649242517684
bkp121t,bkp129t,45.63491383186278
bkp121t,bkp130t,28.733674397716914
bkp121t,bkp131t,4.694173070858729
bkp121t,bkp133t,13.04876704207291
bkp121t,bkp56t,14.699562910009751
bkp121t,bkp57t,13.200777248692523
bkp121t,bkp58t,3.673101385573778
bkp121t,bkp59t,12.776771863520686
bkp121t,bkp60t,14.263229781647388
bkp121t,bkp62t,9.753272193900122
bkp121t,bkp61t,11.978002719265024
bkp121t,bkp64t,17.562368787754323
bkp121t,bkp66t,9.781128808644995
bkp121t,bkp67t,7.283543093422309
bkp121t,bkp69t,6.627980244735136
bkp121t,bkp70t,13.50112895211014
bkp121t,bkp65t,9.931253889463818
bkp121t,bkp71t,19.34832455878214
bkp121t,bkp72t,15.683140993970124
bkp121t,bkp74t,30.779763676304363
bkp121t,bkp73t,23.498133145787012
bkp121t,bkp80t,46.03166284671177
bkp121t,bkp79t,41.0482847623579
bkp121t,bkp81t,17.59227099114865
bkp121t,bkp78t,32.56274555349773
bkp121t,bkp77t,26.838810646613286
bkp121t,bkp82t,5.8989818553496125
bkp121t,bkp76t,21.077825203191964
bkp121t,bkp75t,32.63171073402197
bkp121t,o26,39.682417441095836
bkp121t,14t,19.262923347393663
bkp121t,18t,12.813292765696064
bkp121t,17t,4.269850058435199
bkp121t,08t,5.790791271478231
bkp121t,22t,29.26028902490134
bkp121t,13t,22.73171398742517
bkp121t,20t,45.119931701189195
bkp121t,81t,51.1236693616596
bkp121t,o10,21.449078798597682
bkp121t,bkp98t,27.09763228213519
bkp121t,bkp97t,27.842737663151695
bkp121t,bkp99t,24.692463546862857
bkp121t,bkp95t,18.207978666767886
bkp121t,bkp93t,16.80228902285692
bkp121t,27t,27.00960687823169
bkp121t,16t,8.230343254576827
bkp121t,bkp96t,21.000949695967332
bkp121t,bkp92t,12.580458653960065
bkp121t,bkp91t,0.5490568836697199
bkp121t,bkp89t,16.876882402191043
bkp121t,bkp87t,18.09772006286155
bkp121t,bkp85t,12.086670468778891
bkp121t,19t,31.240250832900813
bkp121t,o63,12.43480683995149
bkp121t,bkp90t,12.961783962423775
bkp121t,bkp88t,8.736962692889591
bkp121t,bkp86t,16.007113207720696
bkp121t,bkp94t,11.766546008075572
bkp121t,bkp84t,8.812422817261343
bkp121t,bkp83t,9.231079089392171
bkp121t,bkp63t,15.143482272339963
bkp120t,02t,23.435921427436952
bkp120t,03t,36.15459359599077
bkp120t,11t,16.963967987804537
bkp120t,12t,24.747497297333922
bkp120t,50t,22.116125718161413
bkp120t,52t,24.067193873701054
bkp120t,53t,15.109350418683206
bkp120t,54t,18.37417345077327
bkp120t,59t,16.8142646882851
bkp120t,61t,18.609708991535584
bkp120t,bkp100t,19.354033344292525
bkp120t,bkp101t,16.557890244352766
bkp120t,bkp102t,29.390260167994327
bkp120t,bkp103t,16.489286743004918
bkp120t,bkp104t,31.06359436794858
bkp120t,bkp105t,33.09362465922966
bkp120t,bkp112t,27.183482312699912
bkp120t,bkp114t,22.150911898187722
bkp120t,bkp116t,13.575422019881271
bkp120t,bkp117t,28.692541856243874
bkp120t,bkp118t,25.580312632514563
bkp120t,bkp119t,22.05016244557971
bkp120t,bkp121t,31.893096971625162
bkp120t,bkp120t,0.0
bkp120t,bkp122t,22.232325932718357
bkp120t,bkp123t,13.640071563667469
bkp120t,bkp124t,20.53770731726026
bkp120t,bkp126t,33.48776769430614
bkp120t,bkp125t,19.501023876144284
bkp120t,bkp128t,32.61351180543613
bkp120t,bkp127t,31.083459801656648
bkp120t,bkp129t,32.45703318597927
bkp120t,bkp130t,7.988574454881167
bkp120t,bkp131t,27.62368028440799
bkp120t,bkp133t,19.435279926659536
bkp120t,bkp56t,17.76964842806755
bkp120t,bkp57t,25.44636055079064
bkp120t,bkp58t,28.282435002561957
bkp120t,bkp59t,19.238825491432817
bkp120t,bkp60t,17.650814826920257
bkp120t,bkp62t,22.143102880800846
bkp120t,bkp61t,19.941232271904585
bkp120t,bkp64t,18.760718590286263
bkp120t,bkp66t,22.645370991686104
bkp120t,bkp67t,24.977196916170044
bkp120t,bkp69t,28.094841793685195
bkp120t,bkp70t,22.109154924711827
bkp120t,bkp65t,22.124400195391807
bkp120t,bkp71t,23.848442553254895
bkp120t,bkp72t,29.846018601196416
bkp120t,bkp74t,3.543423403041164
bkp120t,bkp73t,8.99942728780487
bkp120t,bkp80t,32.79135314962697
bkp120t,bkp79t,10.71599337251426
bkp120t,bkp81t,27.481105262874017
bkp120t,bkp78t,32.70801593112649
bkp120t,bkp77t,19.914484021667082
bkp120t,bkp82t,26.479678108718304
bkp120t,bkp76t,20.039355089721287
bkp120t,bkp75t,10.636880976275638
bkp120t,o26,64.09854950915367
bkp120t,14t,36.558046624195015
bkp120t,18t,36.76988245092309
bkp120t,17t,31.426062056021554
bkp120t,08t,29.44967800235915
bkp120t,22t,3.872330337279559
bkp120t,13t,9.494198392664709
bkp120t,20t,13.303908527363554
bkp120t,81t,56.5032381185935
bkp120t,o10,19.9386925923441
bkp120t,bkp98t,6.856794314678379
bkp120t,bkp97t,4.745004432609168
bkp120t,bkp99t,21.842258664148197
bkp120t,bkp95t,13.68822501954762
bkp120t,bkp93t,16.97585390230832
bkp120t,27t,53.42972073222788
bkp120t,16t,34.255243499318766
bkp120t,bkp96t,14.565909622624764
bkp120t,bkp92t,19.722287826353977
bkp120t,bkp91t,31.836806380900693
bkp120t,bkp89t,35.78558430232342
bkp120t,bkp87t,30.721960570217806
bkp120t,bkp85t,21.171798641792638
bkp120t,19t,46.187803593616614
bkp120t,o63,29.31036018075572
bkp120t,bkp90t,38.613720948576706
bkp120t,bkp88t,26.20985263476595
bkp120t,bkp86t,22.449010917347504
bkp120t,bkp94t,24.604036111657756
bkp120t,bkp84t,24.45176351144906
bkp120t,bkp83t,22.885990888032026
bkp120t,bkp63t,16.768071671786128
bkp122t,02t,7.39284522072257
bkp122t,03t,18.75906906635705
bkp122t,11t,5.4539189136385415
bkp122t,12t,2.730843235236879
bkp122t,50t,2.455669039169632
bkp122t,52t,7.8011879618077655
bkp122t,53t,8.248544587453331
bkp122t,54t,3.9251663608831335
bkp122t,59t,6.120872042476939
bkp122t,61t,7.443758828491928
bkp122t,bkp100t,13.522106465181645
bkp122t,bkp101t,21.416199517032663
bkp122t,bkp102t,9.876243075473063
bkp122t,bkp103t,9.226412285965807
bkp122t,bkp104t,16.54966159196248
bkp122t,bkp105t,15.330995618936699
bkp122t,bkp112t,7.272836508622991
bkp122t,bkp114t,1.8392726308300897
bkp122t,bkp116t,8.709636800539277
bkp122t,bkp117t,12.285443976960185
bkp122t,bkp118t,19.135451174192724
bkp122t,bkp119t,0.9258230669367579
bkp122t,bkp121t,11.241069740990714
bkp122t,bkp120t,22.232325932718357
bkp122t,bkp122t,0.0
bkp122t,bkp123t,8.74549695378824
bkp122t,bkp124t,10.85499847833338
bkp122t,bkp126t,19.386356514547213
bkp122t,bkp125t,14.068643649174339
bkp122t,bkp128t,24.067862411586805
bkp122t,bkp127t,22.338455004320654
bkp122t,bkp129t,35.30132670353052
bkp122t,bkp130t,17.840186115516435
bkp122t,bkp131t,6.553762282372822
bkp122t,bkp133t,8.187984186226302
bkp122t,bkp56t,4.550916385084165
bkp122t,bkp57t,5.557700744119284
bkp122t,bkp58t,7.755410282578072
bkp122t,bkp59t,4.235149239531072
bkp122t,bkp60t,6.720234444222199
bkp122t,bkp62t,4.999490390910692
bkp122t,bkp61t,5.682753527117313
bkp122t,bkp64t,6.418112100021648
bkp122t,bkp66t,2.22852987435053
bkp122t,bkp67t,4.204930288897094
bkp122t,bkp69t,5.9257537455313365
bkp122t,bkp70t,3.0136149285663314
bkp122t,bkp65t,3.3005212100944905
bkp122t,bkp71t,10.026888678409293
bkp122t,bkp72t,10.705530543692968
bkp122t,bkp74t,20.476608723097566
bkp122t,bkp73t,13.304664017604248
bkp122t,bkp80t,35.70346454752328
bkp122t,bkp79t,32.33720080834805
bkp122t,bkp81t,10.441314129675451
bkp122t,bkp78t,24.36033513694485
bkp122t,bkp77t,16.11030288189851
bkp122t,bkp82t,8.340445466982034
bkp122t,bkp76t,10.423469407125669
bkp122t,bkp75t,21.49004515074056
bkp122t,o26,49.88220148415495
bkp122t,14t,25.778560818267575
bkp122t,18t,15.01521306519893
bkp122t,17t,9.44619966964347
bkp122t,08t,7.30756042947115
bkp122t,22t,20.380465266559476
bkp122t,13t,14.225640521805804
bkp122t,20t,35.04398541999795
bkp122t,81t,55.529243775978394
bkp122t,o10,10.777483330222044
bkp122t,bkp98t,16.544643410875185
bkp122t,bkp97t,17.740148297955983
bkp122t,bkp99t,14.426130556062235
bkp122t,bkp95t,9.227846750210665
bkp122t,bkp93t,5.731089805763372
bkp122t,27t,37.50788033378763
bkp122t,16t,12.039430174809093
bkp122t,bkp96t,9.806823204383683
bkp122t,bkp92t,7.581046648491039
bkp122t,bkp91t,10.964298882040715
bkp122t,bkp89t,23.777187462511648
bkp122t,bkp87t,22.088048404816575
bkp122t,bkp85t,9.347952545476272
bkp122t,19t,29.15020071304948
bkp122t,o63,8.494611885012613
bkp122t,bkp90t,22.513864260254657
bkp122t,bkp88t,11.400158914860773
bkp122t,bkp86t,15.408338471438004
bkp122t,bkp94t,3.584870386959985
bkp122t,bkp84t,9.204328504846488
bkp122t,bkp83t,6.575308378304582
bkp122t,bkp63t,6.5141944170892465
bkp123t,02t,10.602006478363835
bkp123t,03t,23.83073710396808
bkp123t,11t,4.175119990434573
bkp123t,12t,11.142788832469959
bkp123t,50t,8.48122005626934
bkp123t,52t,11.263609944330572
bkp123t,53t,4.819014504095442
bkp123t,54t,4.822004293692136
bkp123t,59t,3.2770168640460358
bkp123t,61t,8.229900533399348
bkp123t,bkp100t,13.091894807347565
bkp123t,bkp101t,17.586923129284692
bkp123t,bkp102t,16.12719877998891
bkp123t,bkp103t,5.134435574339363
bkp123t,bkp104t,19.65397921685358
bkp123t,bkp105t,20.516151285365705
bkp123t,bkp112t,13.750322690153219
bkp123t,bkp114t,8.512915138193963
bkp123t,bkp116t,0.5284453471071184
bkp123t,bkp117t,18.064684240652028
bkp123t,bkp118t,20.24357021540586
bkp123t,bkp119t,8.727736108005223
bkp123t,bkp121t,18.431104127093942
bkp123t,bkp120t,13.640071563667469
bkp123t,bkp122t,8.74549695378824
bkp123t,bkp123t,0.0
bkp123t,bkp124t,9.736971779596264
bkp123t,bkp126t,22.42366350578031
bkp123t,bkp125t,13.569489620837896
bkp123t,bkp128t,26.707330124449864
bkp123t,bkp127t,22.538563107008024
bkp123t,bkp129t,33.708647528936375
bkp123t,bkp130t,10.881558908535888
bkp123t,bkp131t,14.027100649737447
bkp123t,bkp133t,7.351558048678144
bkp123t,bkp56t,4.198766154249532
bkp123t,bkp57t,12.934585243716516
bkp123t,bkp58t,14.773829997215413
bkp123t,bkp59t,5.660198484557425
bkp123t,bkp60t,4.6768421409425445
bkp123t,bkp62t,8.807227028487521
bkp123t,bkp61t,6.792724331334529
bkp123t,bkp64t,7.668136021566385
bkp123t,bkp66t,9.005574053971712
bkp123t,bkp67t,11.363150897638377
bkp123t,bkp69t,14.500963195997796
bkp123t,bkp70t,9.356665119294302
bkp123t,bkp65t,8.538409695846726
bkp123t,bkp71t,13.871185664122644
bkp123t,bkp72t,17.966650153281236
bkp123t,bkp74t,12.355122799668418
bkp123t,bkp73t,5.100123755790515
bkp123t,bkp80t,34.10507742907375
bkp123t,bkp79t,23.592750640891527
bkp123t,bkp81t,16.425301175107027
bkp123t,bkp78t,26.927232747795607
bkp123t,bkp77t,15.251960380281078
bkp123t,bkp82t,13.406371929959434
bkp123t,bkp76t,11.43336029884719
bkp123t,bkp75t,15.36464624116483
bkp123t,o26,53.78984101540435
bkp123t,14t,27.29848139504375
bkp123t,18t,23.670715549690488
bkp123t,17t,17.78759603070475
bkp123t,08t,15.839946416633182
bkp123t,22t,11.636382069304451
bkp123t,13t,5.7026616541344435
bkp123t,20t,26.73245288001296
bkp123t,81t,53.57416228524378
bkp123t,o10,11.594046874048784
bkp123t,bkp98t,8.832442010343206
bkp123t,bkp97t,9.413237621160828
bkp123t,bkp99t,15.210803123098877
bkp123t,bkp95t,1.4556429862436058
bkp123t,bkp93t,4.62845770366056
bkp123t,27t,42.142029294941004
bkp123t,16t,20.768180199634372
bkp123t,bkp96t,6.15512298123925
bkp123t,bkp92t,7.326338626587199
bkp123t,bkp91t,18.3288895059068
bkp123t,bkp89t,25.855880983775492
bkp123t,bkp87t,22.20713655333197
bkp123t,bkp85t,9.453337468991492
bkp123t,19t,35.9494505884874
bkp123t,o63,16.62025368149704
bkp123t,bkp90t,26.905703491384635
bkp123t,bkp88t,14.212658145521862
bkp123t,bkp86t,13.718878354727948
bkp123t,bkp94t,11.608795836287731
bkp123t,bkp84t,12.045893573144307
bkp123t,bkp83t,9.88015257272923
bkp123t,bkp63t,3.412915736108588
bkp124t,02t,5.004926015754633
bkp124t,03t,15.702239346851584
bkp124t,11t,11.254429180145987
bkp124t,12t,11.145242468541536
bkp124t,50t,8.542392249803587
bkp124t,52t,5.29727982040842
bkp124t,53t,13.76726684989446
bkp124t,54t,9.328154250302072
bkp124t,59t,7.62101803427459
bkp124t,61t,15.85126019979652
bkp124t,bkp100t,21.80765654845303
bkp124t,bkp101t,27.303771843988347
bkp124t,bkp102t,10.631250907612541
bkp124t,bkp103t,4.680889780102353
bkp124t,bkp104t,10.556706908663205
bkp124t,bkp105t,12.853898307849379
bkp124t,bkp112t,9.529370552551846
bkp124t,bkp114t,9.127205786543326
bkp124t,bkp116t,10.222293853481183
bkp124t,bkp117t,23.12496955877782
bkp124t,bkp118t,28.54344825270901
bkp124t,bkp119t,11.6190466636641
bkp124t,bkp121t,13.564501079657894
bkp124t,bkp120t,20.53770731726026
bkp124t,bkp122t,10.85499847833338
bkp124t,bkp123t,9.736971779596264
bkp124t,bkp124t,0.0
bkp124t,bkp126t,13.117492081783965
bkp124t,bkp125t,22.338656636133223
bkp124t,bkp128t,34.283375901042746
bkp124t,bkp127t,12.888280217981263
bkp124t,bkp129t,43.185894298461044
bkp124t,bkp130t,20.23695380196977
bkp124t,bkp131t,11.028398210266777
bkp124t,bkp133t,2.908774908238559
bkp124t,bkp56t,9.180674952692971
bkp124t,bkp57t,16.389376371541328
bkp124t,bkp58t,10.796381610993443
bkp124t,bkp59t,7.277276405633713
bkp124t,bkp60t,5.691872238499602
bkp124t,bkp62t,6.193203616714185
bkp124t,bkp61t,5.272099017881757
bkp124t,bkp64t,14.891697611188293
bkp124t,bkp66t,9.020358508830682
bkp124t,bkp67t,9.478740075202154
bkp124t,bkp69t,13.55078895633222
bkp124t,bkp70t,13.560349514492612
bkp124t,bkp65t,7.761015175005245
bkp124t,bkp71t,20.323816029476745
bkp124t,bkp72t,21.419975178234697
bkp124t,bkp74t,20.553458478554713
bkp124t,bkp73t,14.096129349980677
bkp124t,bkp80t,43.585875581353285
bkp124t,bkp79t,28.346543810594316
bkp124t,bkp81t,21.282540632887006
bkp124t,bkp78t,34.550903141428414
bkp124t,bkp77t,24.23223852527779
bkp124t,bkp82t,7.698129906597249
bkp124t,bkp76t,19.365648036452644
bkp124t,bkp75t,24.885450750625363
bkp124t,o26,44.333535238678685
bkp124t,14t,17.563467625008535
bkp124t,18t,23.689745682483245
bkp124t,17t,15.278774076022344
bkp124t,08t,14.369488570681542
bkp124t,22t,17.210680697411366
bkp124t,13t,11.08393957540793
bkp124t,20t,33.73474280553981
bkp124t,81t,45.08735203135107
bkp124t,o10,19.63788063744621
bkp124t,bkp98t,17.842046038822453
bkp124t,bkp97t,17.559963603566977
bkp124t,bkp99t,23.49574633436297
bkp124t,bkp95t,8.556205487300215
bkp124t,bkp93t,12.017491347401963
bkp124t,27t,33.080660328936354
bkp124t,16t,19.52506895676073
bkp124t,bkp96t,15.44356133156889
bkp124t,bkp92t,3.3940011116528
bkp124t,bkp91t,13.756323666766962
bkp124t,bkp89t,16.18090655909938
bkp124t,bkp87t,12.569367193648949
bkp124t,bkp85t,1.701971966119575
bkp124t,19t,39.75962381399438
bkp124t,o63,18.800759163722315
bkp124t,bkp90t,18.09109490320759
bkp124t,bkp88t,5.845454784287205
bkp124t,bkp86t,4.633701640787812
bkp124t,bkp94t,14.3499237362686
bkp124t,bkp84t,4.769311021702675
bkp124t,bkp83t,5.232581042707808
bkp124t,bkp63t,7.062791182567015
bkp126t,02t,12.498746236634481
bkp126t,03t,5.5407407170601335
bkp126t,11t,22.612061769149598
bkp126t,12t,17.7068416919596
bkp126t,50t,17.149551018430028
bkp126t,52t,11.913463665823025
bkp126t,53t,25.595810876197636
bkp126t,54t,20.26420193257392
bkp126t,59t,19.62152557805211
bkp126t,61t,26.47186570218914
bkp126t,bkp100t,32.695400150483536
bkp126t,bkp101t,39.54926783936965
bkp126t,bkp102t,10.799858771493328
bkp126t,bkp103t,17.68127783533645
bkp126t,bkp104t,2.872241977590626
bkp126t,bkp105t,6.171732390988823
bkp126t,bkp112t,12.758546706768467
bkp126t,bkp114t,17.69257693472137
bkp126t,bkp116t,22.848614556608094
bkp126t,bkp117t,30.203579807973817
bkp126t,bkp118t,38.50918226916104
bkp126t,bkp119t,20.309537609140605
bkp126t,bkp121t,12.147832720581794
bkp126t,bkp120t,33.48776769430614
bkp126t,bkp122t,19.386356514547213
bkp126t,bkp123t,22.42366350578031
bkp126t,bkp124t,13.117492081783965
bkp126t,bkp126t,0.0
bkp126t,bkp125t,33.24677274653665
bkp126t,bkp128t,43.01398614032935
bkp126t,bkp127t,7.317303835599384
bkp126t,bkp129t,54.533251568188476
bkp126t,bkp130t,33.211687697209435
bkp126t,bkp131t,14.413656752851061
bkp126t,bkp133t,15.076722946621798
bkp126t,bkp56t,20.435968103986397
bkp126t,bkp57t,23.552060709774576
bkp126t,bkp58t,13.097828539676232
bkp126t,bkp59t,18.077574854576458
bkp126t,bkp60t,17.824531563371036
bkp126t,bkp62t,14.978132461185355
bkp126t,bkp61t,16.113080642287702
bkp126t,bkp64t,25.416063416063675
bkp126t,bkp66t,17.189350670612846
bkp126t,bkp67t,15.495981500055944
bkp126t,bkp69t,17.574704007147826
bkp126t,bkp70t,22.35440330077462
bkp126t,bkp65t,16.40125898022225
bkp126t,bkp71t,29.227367928131457
bkp126t,bkp72t,27.179153653949303
bkp126t,bkp74t,33.6668629229425
bkp126t,bkp73t,27.119088110195936
bkp126t,bkp80t,54.93626772229368
bkp126t,bkp79t,40.30684736028157
bkp126t,bkp81t,28.498445626728774
bkp126t,bkp78t,43.3262127627486
bkp126t,bkp77t,35.271746562064365
bkp126t,bkp82t,11.096790013328649
bkp126t,bkp76t,29.729959196784463
bkp126t,bkp75t,37.77970607129334
bkp126t,o26,31.367425564476047
bkp126t,14t,7.118222117994124
bkp126t,18t,24.88678105624821
bkp126t,17t,16.332562057737128
bkp126t,08t,17.29528804238154
bkp126t,22t,29.971085646432787
bkp126t,13t,24.13689271666553
bkp126t,20t,46.51238718434136
bkp126t,81t,39.025316223134006
bkp126t,o10,30.07024238002378
bkp126t,bkp98t,30.899331394958224
bkp126t,bkp97t,30.677095924449482
bkp126t,bkp99t,33.79605264814346
bkp126t,bkp95t,21.441128913217767
bkp126t,bkp93t,23.30888642828369
bkp126t,27t,19.9743027802194
bkp126t,16t,20.34658717397519
bkp126t,bkp96t,27.369636060442748
bkp126t,bkp92t,15.115423801202816
bkp126t,bkp91t,12.689562764270434
bkp126t,bkp89t,4.757134326558583
bkp126t,bkp87t,7.407607917390263
bkp126t,bkp85t,12.991543391093156
bkp126t,19t,43.38716476119689
bkp126t,o63,23.932135465959533
bkp126t,bkp90t,5.474448632075784
bkp126t,bkp88t,8.383750066681726
bkp126t,bkp86t,11.496627957079667
bkp126t,bkp94t,21.64295738686179
bkp126t,bkp84t,10.711650015505263
bkp126t,bkp83t,13.377692347072143
bkp126t,bkp63t,19.22210964913353
bkp125t,02t,20.808440672522316
bkp125t,03t,32.81148334654422
bkp125t,11t,11.09498732248425
bkp125t,12t,16.36088919729647
bkp125t,50t,16.124740954752536
bkp125t,52t,21.3588319238138
bkp125t,53t,8.802170198765408
bkp125t,54t,13.230701439207401
bkp125t,59t,14.732911022569429
bkp125t,61t,6.777037822056444
bkp125t,bkp100t,0.5513729979638616
bkp125t,bkp101t,8.72093503321014
bkp125t,bkp102t,23.883174916898845
bkp125t,bkp103t,18.302594701055884
bkp125t,bkp104t,30.378520604730394
bkp125t,bkp105t,29.39236251911361
bkp125t,bkp112t,21.31099120747884
bkp125t,bkp114t,15.614021084660038
bkp125t,bkp116t,13.048894384522683
bkp125t,bkp117t,11.034512115576408
bkp125t,bkp118t,6.800665693644311
bkp125t,bkp119t,13.188034722507545
bkp125t,bkp121t,24.825700779968837
bkp125t,bkp120t,19.501023876144284
bkp125t,bkp122t,14.068643649174339
bkp125t,bkp123t,13.569489620837896
bkp125t,bkp124t,22.338656636133223
bkp125t,bkp126t,33.24677274653665
bkp125t,bkp125t,0.0
bkp125t,bkp128t,13.677536412277346
bkp125t,bkp127t,35.114326807823375
bkp125t,bkp129t,21.288257212762748
bkp125t,bkp130t,11.67157038737064
bkp125t,bkp131t,20.326234457420284
bkp125t,bkp133t,19.480729084535735
bkp125t,bkp56t,13.236998534240875
bkp125t,bkp57t,12.233074519093238
bkp125t,bkp58t,21.64200913775384
bkp125t,bkp59t,15.45406232101253
bkp125t,bkp60t,16.64942388969246
bkp125t,bkp62t,18.29439864478267
bkp125t,bkp61t,17.571290189798525
bkp125t,bkp64t,7.831604309341324
bkp125t,bkp66t,16.156010409868166
bkp125t,bkp67t,18.250421155170365
bkp125t,bkp69t,18.404467526679614
bkp125t,bkp70t,11.373291248586511
bkp125t,bkp65t,16.849677038931283
bkp125t,bkp71t,6.789890457252419
bkp125t,bkp72t,13.823301357130168
bkp125t,bkp74t,16.15764993617102
bkp125t,bkp73t,12.934330384912005
bkp125t,bkp80t,21.691206510278093
bkp125t,bkp79t,29.977457219504515
bkp125t,bkp81t,10.688078516948872
bkp125t,bkp78t,13.84341533088068
bkp125t,bkp77t,2.041659638038362
bkp125t,bkp82t,22.355840580818903
bkp125t,bkp76t,3.7496302895311704
bkp125t,bkp75t,12.121871859287921
bkp125t,o26,63.950236050970965
bkp125t,14t,39.23855985046117
bkp125t,18t,22.478720208022764
bkp125t,17t,21.85200132771279
bkp125t,08t,19.60344459024618
bkp125t,22t,20.252655999838748
bkp125t,13t,17.534051807505165
bkp125t,20t,28.789602742604437
bkp125t,81t,67.06475884515903
bkp125t,o10,3.3776741774000794
bkp125t,bkp98t,12.80585623049416
bkp125t,bkp97t,15.205819549940259
bkp125t,bkp99t,2.3484213490036288
bkp125t,bkp95t,15.025099595972476
bkp125t,bkp93t,10.334138995844786
bkp125t,27t,51.53809055608984
bkp125t,16t,22.188835948649253
bkp125t,bkp96t,7.467642672553613
bkp125t,bkp92t,19.129880519979945
bkp125t,bkp91t,24.447066178498083
bkp125t,bkp89t,37.41822443984255
bkp125t,bkp87t,34.81432083717931
bkp125t,bkp85t,21.42774419524486
bkp125t,19t,27.06950882961776
bkp125t,o63,15.213573716771155
bkp125t,bkp90t,36.58201592176014
bkp125t,bkp88t,24.971847768902535
bkp125t,bkp86t,26.79419984770965
bkp125t,bkp94t,13.14963810027277
bkp125t,bkp84t,22.646464899031905
bkp125t,bkp83t,19.92536765482176
bkp125t,bkp63t,15.314440155836849
bkp128t,02t,31.460512986733605
bkp128t,03t,41.08893989577768
bkp128t,11t,23.396033217244867
bkp128t,12t,25.33438496324758
bkp128t,50t,26.509604044727315
bkp128t,52t,31.85835026564055
bkp128t,53t,21.908210153653194
bkp128t,54t,24.99088341866299
bkp128t,59t,27.07612522955474
bkp128t,61t,18.70693144996331
bkp128t,bkp100t,14.021951681438988
bkp128t,bkp101t,17.55316396183172
bkp128t,bkp102t,32.44630597243371
bkp128t,bkp103t,30.907560822818606
bkp128t,bkp104t,40.282862497682636
bkp128t,bkp105t,37.95532831283375
bkp128t,bkp112t,30.264629112513706
bkp128t,bkp114t,25.89944562181047
bkp128t,bkp116t,26.2152204888481
bkp128t,bkp117t,13.150174379632443
bkp128t,bkp118t,7.052067321080275
bkp128t,bkp119t,23.163035197104126
bkp128t,bkp121t,32.23339191622631
bkp128t,bkp120t,32.61351180543613
bkp128t,bkp122t,24.067862411586805
bkp128t,bkp123t,26.707330124449864
bkp128t,bkp124t,34.283375901042746
bkp128t,bkp126t,43.01398614032935
bkp128t,bkp125t,13.677536412277346
bkp128t,bkp128t,0.0
bkp128t,bkp127t,46.398586476038986
bkp128t,bkp129t,17.05210931182765
bkp128t,bkp130t,24.6249381729759
bkp128t,bkp131t,28.70253339677689
bkp128t,bkp133t,31.381656255453876
bkp128t,bkp56t,25.225905451404298
bkp128t,bkp57t,19.466694693869037
bkp128t,bkp58t,30.067344886896187
bkp128t,bkp59t,27.010531022517124
bkp128t,bkp60t,28.83349055240458
bkp128t,bkp62t,29.02690084418096
bkp128t,bkp61t,29.077800791641717
bkp128t,bkp64t,19.545458782893398
bkp128t,bkp66t,26.27966626500691
bkp128t,bkp67t,27.57189120241559
bkp128t,bkp69t,25.762163254513865
bkp128t,bkp70t,21.071280103717736
bkp128t,bkp65t,27.34877012647579
bkp128t,bkp71t,14.061800338446291
bkp128t,bkp72t,16.777150729755753
bkp128t,bkp74t,29.11569586308883
bkp128t,bkp73t,26.611177652948523
bkp128t,bkp80t,17.35755959876622
bkp128t,bkp79t,42.629803484613376
bkp128t,bkp81t,14.65916666105582
bkp128t,bkp78t,0.3413209015901502
bkp128t,bkp77t,12.770456336965399
bkp128t,bkp82t,31.986158715470204
bkp128t,bkp76t,15.296861080589457
bkp128t,bkp75t,23.35626690352506
bkp128t,o26,71.74461919911676
bkp128t,14t,49.71310257228053
bkp128t,18t,24.061924368422083
bkp128t,17t,28.223670171486702
bkp128t,08t,26.443489937076663
bkp128t,22t,33.79195276817642
bkp128t,13t,31.144469873420142
bkp128t,20t,39.694362147814616
bkp128t,81t,79.36631474328509
bkp128t,o10,15.116864684896937
bkp128t,bkp98t,26.221138658390316
bkp128t,bkp97t,28.64335994137539
bkp128t,bkp99t,11.61808619002199
bkp128t,bkp95t,28.13341611890283
bkp128t,bkp93t,22.66786512089685
bkp128t,27t,58.96427917817316
bkp128t,16t,26.30393979638452
bkp128t,bkp96t,20.900927340630616
bkp128t,bkp92t,30.89728449235747
bkp128t,bkp91t,31.726782665098142
bkp128t,bkp89t,47.60286690996434
bkp128t,bkp87t,46.14249309977187
bkp128t,bkp85t,33.037157045060056
bkp128t,19t,17.998595301568514
bkp128t,o63,19.896536617784918
bkp128t,bkp90t,45.12316771215806
bkp128t,bkp88t,35.41706712646089
bkp128t,bkp86t,38.908712406843684
bkp128t,bkp94t,21.382304848803077
bkp128t,bkp84t,33.267650036704666
bkp128t,bkp83t,30.634996780876197
bkp128t,bkp63t,27.69038705708336
bkp127t,02t,14.95001363758196
bkp127t,03t,12.857912877145024
bkp127t,11t,24.02637387107355
bkp127t,12t,21.433438589605302
bkp127t,50t,19.890605895641706
bkp127t,52t,14.593284873132658
bkp127t,53t,26.646610727335652
bkp127t,54t,21.91754467860589
bkp127t,59t,20.477830406500807
bkp127t,61t,28.48032181882358
bkp127t,bkp100t,34.57509924475988
bkp127t,bkp101t,40.12338267049115
bkp127t,bkp102t,16.05294556587278
bkp127t,bkp103t,17.405446056372284
bkp127t,bkp104t,8.12994605381141
bkp127t,bkp105t,12.898161029370288
bkp127t,bkp112t,17.193771521667156
bkp127t,bkp114t,20.502595058120907
bkp127t,bkp116t,23.041329236333702
bkp127t,bkp117t,34.25678247091771
bkp127t,bkp118t,41.09342568273447
bkp127t,bkp119t,23.237543752571558
bkp127t,bkp121t,18.182649242517684
bkp127t,bkp120t,31.083459801656648
bkp127t,bkp122t,22.338455004320654
bkp127t,bkp123t,22.538563107008024
bkp127t,bkp124t,12.888280217981263
bkp127t,bkp126t,7.317303835599384
bkp127t,bkp125t,35.114326807823375
bkp127t,bkp128t,46.398586476038986
bkp127t,bkp127t,0.0
bkp127t,bkp129t,56.070513631674615
bkp127t,bkp130t,32.55664088800613
bkp127t,bkp131t,19.057129657808414
bkp127t,bkp133t,15.659990865448544
bkp127t,bkp56t,21.878227787630316
bkp127t,bkp57t,27.366023432718247
bkp127t,bkp58t,17.96166337551262
bkp127t,bkp59t,19.720808802834636
bkp127t,bkp60t,18.541610248061055
bkp127t,bkp62t,17.37328733572742
bkp127t,bkp61t,17.592303492420946
bkp127t,bkp64t,27.471581383629946
bkp127t,bkp66t,20.14338244383914
bkp127t,bkp67t,19.217454083287514
bkp127t,bkp69t,22.31381361511932
bkp127t,bkp70t,25.32752658595784
bkp127t,bkp65t,19.05024355832068
bkp127t,bkp71t,32.3398850592643
bkp127t,bkp72t,31.726942864571985
bkp127t,bkp74t,32.01832054491854
bkp127t,bkp73t,26.438679108457077
bkp127t,bkp80t,56.470789471425405
bkp127t,bkp79t,36.24811132434253
bkp127t,bkp81t,32.44740535801335
bkp127t,bkp78t,46.68761331308984
bkp127t,bkp77t,37.045862230180184
bkp127t,bkp82t,15.044255180917157
bkp127t,bkp76t,31.959772694745666
bkp127t,bkp75t,37.27863701187827
bkp127t,o26,33.148910748309085
bkp127t,14t,5.572272373255739
bkp127t,18t,30.937345143379154
bkp127t,17t,22.005148325609355
bkp127t,08t,22.41307991225457
bkp127t,22t,27.292660341066153
bkp127t,13t,22.45794153306736
bkp127t,20t,43.42053206436328
bkp127t,81t,33.50149870477662
bkp127t,o10,32.25759589827658
bkp127t,bkp98t,29.996165823019794
bkp127t,bkp97t,29.207524733931926
bkp127t,bkp99t,36.11327264089558
bkp127t,bkp95t,21.25714357262974
bkp127t,bkp93t,24.784391823144787
bkp127t,27t,23.616273100264557
bkp127t,16t,26.335135183361746
bkp127t,bkp96t,28.331375749239847
bkp127t,bkp92t,15.985536987188112
bkp127t,bkp91t,18.679376226635014
bkp127t,bkp89t,5.654870672344278
bkp127t,bkp87t,0.361501035051593
bkp127t,bkp85t,13.687274237559135
bkp127t,19t,49.0205164350649
bkp127t,o63,28.61840338349259
bkp127t,bkp90t,11.935010091928579
bkp127t,bkp88t,11.201210579811896
bkp127t,bkp86t,9.009319701632025
bkp127t,bkp94t,25.310827040182758
bkp127t,bkp84t,13.176285885012465
bkp127t,bkp83t,15.764960849632992
bkp127t,bkp63t,19.936637027868574
bkp129t,02t,42.07566777545186
bkp129t,03t,53.952857506171576
bkp129t,11t,32.14939435473611
bkp129t,12t,37.44059881103867
bkp129t,50t,37.41004038966226
bkp129t,52t,42.635905254371245
bkp129t,53t,29.424770510980583
bkp129t,54t,34.40466174326339
bkp129t,59t,35.60025748307027
bkp129t,61t,28.061399734695954
bkp129t,bkp100t,21.839566833198784
bkp129t,bkp101t,16.720840601471256
bkp129t,bkp102t,44.999755050840115
bkp129t,bkp103t,38.79828287196895
bkp129t,bkp104t,51.66393396602242
bkp129t,bkp105t,50.563460600667696
bkp129t,bkp112t,42.47467606553783
bkp129t,bkp114t,36.89221922758587
bkp129t,bkp116t,33.18662250832769
bkp129t,bkp117t,27.99195761947336
bkp129t,bkp118t,17.045704810153694
bkp129t,bkp119t,34.40151531110795
bkp129t,bkp121t,45.63491383186278
bkp129t,bkp120t,32.45703318597927
bkp129t,bkp122t,35.30132670353052
bkp129t,bkp123t,33.708647528936375
bkp129t,bkp124t,43.185894298461044
bkp129t,bkp126t,54.533251568188476
bkp129t,bkp125t,21.288257212762748
bkp129t,bkp128t,17.05210931182765
bkp129t,bkp127t,56.070513631674615
bkp129t,bkp129t,0.0
bkp129t,bkp130t,25.884891713337574
bkp129t,bkp131t,41.34019329029931
bkp129t,bkp133t,40.42895939928439
bkp129t,bkp56t,34.33719027774366
bkp129t,bkp57t,32.48953072221253
bkp129t,bkp58t,42.69308514615327
bkp129t,bkp59t,36.631048331133684
bkp129t,bkp60t,37.53552253272257
bkp129t,bkp62t,39.5692725400099
bkp129t,bkp61t,38.7188660138258
bkp129t,bkp64t,29.117324032110947
bkp129t,bkp66t,37.42616358468216
bkp129t,bkp67t,39.43955691599674
bkp129t,bkp69t,39.032567424532836
bkp129t,bkp70t,32.480462924319575
bkp129t,bkp65t,38.137930078646946
bkp129t,bkp71t,26.32823936145368
bkp129t,bkp72t,31.766098970780032
bkp129t,bkp74t,29.19394193277169
bkp129t,bkp73t,30.940171343041076
bkp129t,bkp80t,0.4030439149009095
bkp129t,bkp79t,39.67314309713286
bkp129t,bkp81t,28.88662359427163
bkp129t,bkp78t,16.761986037652445
bkp129t,bkp77t,19.261570414974848
bkp129t,bkp82t,43.623475646034244
bkp129t,bkp76t,24.87795314375824
bkp129t,bkp75t,21.902916149636717
bkp129t,o26,85.11816347712636
bkp129t,14t,60.42245976571124
bkp129t,18t,40.062244681251066
bkp129t,17t,42.18798608328725
bkp129t,08t,40.06627604591818
bkp129t,22t,35.29658726280709
bkp129t,13t,35.82552627165013
bkp129t,20t,33.39357326198455
bkp129t,81t,86.85580657449343
bkp129t,o10,24.524256440064082
bkp129t,bkp98t,28.463759563326523
bkp129t,bkp97t,30.458780081565763
bkp129t,bkp99t,20.982874125823265
bkp129t,bkp95t,35.09472512900188
bkp129t,bkp93t,31.408903554018217
bkp129t,27t,72.58893698211762
bkp129t,16t,41.3848450004103
bkp129t,bkp96t,27.74527464822303
bkp129t,bkp92t,40.14915349461844
bkp129t,bkp91t,45.20524896891513
bkp129t,bkp89t,58.661535236193544
bkp129t,bkp87t,55.75433644160426
bkp129t,bkp85t,42.46022570841514
bkp129t,19t,34.3019955982399
bkp129t,o63,34.36326322647703
bkp129t,bkp90t,57.791805090203894
bkp129t,bkp88t,46.2370926324488
bkp129t,bkp86t,47.41158561098021
bkp129t,bkp94t,33.88328404104311
bkp129t,bkp84t,43.90572576710442
bkp129t,bkp83t,41.192423785296434
bkp129t,bkp63t,36.13468701742879
bkp130t,02t,21.45447540140993
bkp130t,03t,34.69266482587907
bkp130t,11t,12.432723434426384
bkp130t,12t,20.562124551784937
bkp130t,50t,18.564005634419164
bkp130t,52t,22.115670119137903
bkp130t,53t,9.65235878236696
bkp130t,54t,14.528862317711468
bkp130t,59t,14.008467632049104
bkp130t,61t,12.26518748705979
bkp130t,bkp100t,11.586495719466253
bkp130t,bkp101t,9.262452046772331
bkp130t,bkp102t,26.70570209167022
bkp130t,bkp103t,15.571562602367049
bkp130t,bkp104t,30.48204779426331
bkp130t,bkp105t,31.35098232688413
bkp130t,bkp112t,24.19572777670079
bkp130t,bkp114t,18.383532589384338
bkp130t,bkp116t,10.521542749772323
bkp130t,bkp117t,21.614209256277007
bkp130t,bkp118t,17.593507492715762
bkp130t,bkp119t,17.370038250608186
bkp130t,bkp121t,28.733674397716914
bkp130t,bkp120t,7.988574454881167
bkp130t,bkp122t,17.840186115516435
bkp130t,bkp123t,10.881558908535888
bkp130t,bkp124t,20.23695380196977
bkp130t,bkp126t,33.211687697209435
bkp130t,bkp125t,11.67157038737064
bkp130t,bkp128t,24.6249381729759
bkp130t,bkp127t,32.55664088800613
bkp130t,bkp129t,25.884891713337574
bkp130t,bkp130t,0.0
bkp130t,bkp131t,24.10582333429603
bkp130t,bkp133t,18.154892926107483
bkp130t,bkp56t,14.052869578430943
bkp130t,bkp57t,19.619371954338806
bkp130t,bkp58t,25.070655288876917
bkp130t,bkp59t,16.166544137074666
bkp130t,bkp60t,15.558389298213049
bkp130t,bkp62t,19.48740866720406
bkp130t,bkp61t,17.621796923634147
bkp130t,bkp64t,12.74937354625918
bkp130t,bkp66t,18.961396992619743
bkp130t,bkp67t,21.45720738035668
bkp130t,bkp69t,23.700109050365434
bkp130t,bkp70t,16.763959186552672
bkp130t,bkp65t,18.867068692429278
bkp130t,bkp71t,16.765842700244207
bkp130t,bkp72t,23.339278489579375
bkp130t,bkp74t,4.518048504228955
bkp130t,bkp73t,6.152704065254935
bkp130t,bkp80t,26.25023883990143
bkp130t,bkp79t,18.307259059803528
bkp130t,bkp81t,20.641374736478067
bkp130t,bkp78t,24.720017100745597
bkp130t,bkp77t,11.944301031806368
bkp130t,bkp82t,24.148786810728296
bkp130t,bkp76t,12.797136257840156
bkp130t,bkp75t,4.728747840826526
bkp130t,o26,64.54399055734713
bkp130t,14t,37.65016753132392
bkp130t,18t,31.077362535770536
bkp130t,17t,27.27514470169872
bkp130t,08t,25.085186807143828
bkp130t,22t,9.709994646298286
bkp130t,13t,10.434472026365079
bkp130t,20t,17.970748414703447
bkp130t,81t,61.2903475980716
bkp130t,o10,12.624957423288112
bkp130t,bkp98t,2.6795268852124314
bkp130t,bkp97t,4.6077382726373886
bkp130t,bkp99t,14.019502075639798
bkp130t,bkp95t,11.770866248794583
bkp130t,bkp93t,12.110517428613624
bkp130t,27t,53.00997082800456
bkp130t,16t,29.30189143255369
bkp130t,bkp96t,8.392853512180912
bkp130t,bkp92t,18.185059490387538
bkp130t,bkp91t,28.547862115937665
bkp130t,bkp89t,36.40114426602163
bkp130t,bkp87t,32.20655539025967
bkp130t,bkp85t,20.22257218886139
bkp130t,19t,38.64336986422335
bkp130t,o63,23.426544773840433
bkp130t,bkp90t,37.78334768899512
bkp130t,bkp88t,25.081209201503437
bkp130t,bkp86t,23.547366764236116
bkp130t,bkp94t,19.293756163716946
bkp130t,bkp84t,22.927443412745752
bkp130t,bkp83t,20.700462728137644
bkp130t,bkp63t,14.258480975380575
bkp131t,02t,6.02452659606775
bkp131t,03t,12.65050806118218
bkp131t,11t,11.699071296618838
bkp131t,12t,3.9779923882008283
bkp131t,50t,5.594830632663418
bkp131t,52t,5.817167437260256
bkp131t,53t,14.680632657919697
bkp131t,54t,9.60373741593243
bkp131t,59t,10.80961975957496
bkp131t,61t,13.909363922787843
bkp131t,bkp100t,19.791803246199652
bkp131t,bkp101t,27.94816288942133
bkp131t,bkp102t,3.7584162547193527
bkp131t,bkp103t,12.154793848783616
bkp131t,bkp104t,11.823219898429139
bkp131t,bkp105t,9.340812864241038
bkp131t,bkp112t,1.877642518869891
bkp131t,bkp114t,5.7230264417556045
bkp131t,bkp116t,14.169154245550216
bkp131t,bkp117t,15.792946003057166
bkp131t,bkp118t,24.697984138923918
bkp131t,bkp119t,7.303045139338209
bkp131t,bkp121t,4.694173070858729
bkp131t,bkp120t,27.62368028440799
bkp131t,bkp122t,6.553762282372822
bkp131t,bkp123t,14.027100649737447
bkp131t,bkp124t,11.028398210266777
bkp131t,bkp126t,14.413656752851061
bkp131t,bkp125t,20.326234457420284
bkp131t,bkp128t,28.70253339677689
bkp131t,bkp127t,19.057129657808414
bkp131t,bkp129t,41.34019329029931
bkp131t,bkp130t,24.10582333429603
bkp131t,bkp131t,0.0
bkp131t,bkp133t,9.662561533615744
bkp131t,bkp56t,10.127882255440724
bkp131t,bkp57t,9.2675158827636
bkp131t,bkp58t,1.3777639215056616
bkp131t,bkp59t,8.385820021995594
bkp131t,bkp60t,10.206257690256633
bkp131t,bkp62t,5.787932597210428
bkp131t,bkp61t,8.013170567051892
bkp131t,bkp64t,12.914452829835751
bkp131t,bkp66t,5.150877094155902
bkp131t,bkp67t,2.676523190688675
bkp131t,bkp69t,3.2627360969489647
bkp131t,bkp70t,8.953907212654721
bkp131t,bkp65t,5.49942766999729
bkp131t,bkp71t,15.243437456872154
bkp131t,bkp72t,12.830295667433159
bkp131t,bkp74t,26.315180916229313
bkp131t,bkp73t,19.02859617435634
bkp131t,bkp80t,41.739652654244956
bkp131t,bkp79t,37.13042505750398
bkp131t,bkp81t,14.106671163427523
bkp131t,bkp78t,29.02117536094435
bkp131t,bkp77t,22.35572543958984
bkp131t,bkp82t,4.118581837714422
bkp131t,bkp76t,16.59428855212624
bkp131t,bkp75t,27.949676226451842
bkp131t,o26,43.79419171158256
bkp131t,14t,21.35261181086575
bkp131t,18t,12.802221262483068
bkp131t,17t,4.303420054468829
bkp131t,08t,3.525068129002057
bkp131t,22t,25.215367775543537
bkp131t,13t,18.719530914021
bkp131t,20t,40.7589284932186
bkp131t,81t,52.5364822519816
bkp131t,o10,16.962422571973015
bkp131t,bkp98t,22.552585383035247
bkp131t,bkp97t,23.423027146479352
bkp131t,bkp99t,20.357405667687868
bkp131t,bkp95t,13.968856500742135
bkp131t,bkp93t,12.119649756883396
bkp131t,27t,31.257541622654436
bkp131t,16t,8.505328495547419
bkp131t,bkp96t,16.308122001149904
bkp131t,bkp92t,9.089583719005564
bkp131t,bkp91t,4.452880292413237
bkp131t,bkp89t,19.110496023085386
bkp131t,bkp87t,18.888012142151354
bkp131t,bkp85t,9.352940244484648
bkp131t,19t,30.064922285239703
bkp131t,o63,9.629805345317802
bkp131t,bkp90t,16.591277462567525
bkp131t,bkp88t,8.054692679716
bkp131t,bkp86t,14.56076480603971
bkp131t,bkp94t,7.5331654312895315
bkp131t,bkp84t,6.869576024550053
bkp131t,bkp83t,5.909196273657414
bkp131t,bkp63t,10.879420389305192
bkp133t,02t,4.148419867087462
bkp133t,03t,16.836493482346132
bkp133t,11t,8.386103109518434
bkp133t,12t,8.899107039807982
bkp133t,50t,6.037568845207035
bkp133t,52t,4.724667610751908
bkp133t,53t,11.010331599429716
bkp133t,54t,6.419514668579247
bkp133t,59t,4.8305174286723425
bkp133t,61t,12.951333731401132
bkp133t,bkp100t,18.9460722514322
bkp133t,bkp101t,24.73977130124494
bkp133t,bkp102t,10.268215957489792
bkp133t,bkp103t,2.9487053327127253
bkp133t,bkp104t,12.32742485125546
bkp133t,bkp105t,13.67845432804977
bkp133t,bkp112t,8.528718249161312
bkp133t,bkp114t,6.573581597902543
bkp133t,bkp116t,7.789303826832258
bkp133t,bkp117t,20.378643493115845
bkp133t,bkp118t,25.64138994884487
bkp133t,bkp119t,8.889553108834866
bkp133t,bkp121t,13.04876704207291
bkp133t,bkp120t,19.435279926659536
bkp133t,bkp122t,8.187984186226302
bkp133t,bkp123t,7.351558048678144
bkp133t,bkp124t,2.908774908238559
bkp133t,bkp126t,15.076722946621798
bkp133t,bkp125t,19.480729084535735
bkp133t,bkp128t,31.381656255453876
bkp133t,bkp127t,15.659990865448544
bkp133t,bkp129t,40.42895939928439
bkp133t,bkp130t,18.154892926107483
bkp133t,bkp131t,9.662561533615744
bkp133t,bkp133t,0.0
bkp133t,bkp56t,6.283488401355322
bkp133t,bkp57t,13.745500334932913
bkp133t,bkp58t,9.785196829128807
bkp133t,bkp59t,4.391511765053932
bkp133t,bkp60t,2.900402930308485
bkp133t,bkp62t,4.069738730548145
bkp133t,bkp61t,2.50567111338592
bkp133t,bkp64t,11.986065601573339
bkp133t,bkp66t,6.581169870394452
bkp133t,bkp67t,7.607149075359149
bkp133t,bkp69t,11.692172732952509
bkp133t,bkp70t,10.760543332449906
bkp133t,bkp65t,5.349513098157123
bkp133t,bkp71t,17.444005008508793
bkp133t,bkp72t,18.867814885563128
bkp133t,bkp74t,18.991207138809553
bkp133t,bkp73t,12.117387394460645
bkp133t,bkp80t,40.82994003193349
bkp133t,bkp79t,28.060033106443647
bkp133t,bkp81t,18.54196246917985
bkp133t,bkp78t,31.647936100844746
bkp133t,bkp77t,21.394273659054292
bkp133t,bkp82t,7.249149033512579
bkp133t,bkp76t,16.46405655013855
bkp133t,bkp75t,22.703136336019437
bkp133t,o26,46.44016123214519
bkp133t,14t,20.11056321015802
bkp133t,18t,21.86565975888039
bkp133t,17t,13.959846808659869
bkp133t,08t,12.695413075825295
bkp133t,22t,16.44257519101936
bkp133t,13t,9.982745279900437
bkp133t,20t,32.7361089559508
bkp133t,81t,47.99331669658202
bkp133t,o10,16.73944008297021
bkp133t,bkp98t,15.917131282210887
bkp133t,bkp97t,15.968286048296708
bkp133t,bkp99t,20.59909098719436
bkp133t,bkp95t,6.395116174623323
bkp133t,bkp93t,9.14787035074578
bkp133t,27t,34.8687814313584
bkp133t,16t,17.951698494288202
bkp133t,bkp96t,12.725847169988214
bkp133t,bkp92t,0.6370424097548778
bkp133t,bkp91t,13.127124221234453
bkp133t,bkp89t,18.56390630319973
bkp133t,bkp87t,15.352153765054398
bkp133t,bkp85t,2.109708512337033
bkp133t,19t,37.28729523930378
bkp133t,o63,16.416243972326587
bkp133t,bkp90t,19.67835751330225
bkp133t,bkp88t,6.9769330445002975
bkp133t,bkp86t,7.527226019029149
bkp133t,bkp94t,11.74999478829428
bkp133t,bkp84t,5.024667628347996
bkp133t,bkp83t,3.8527539032668154
bkp133t,bkp63t,4.318543183515138
bkp56t,02t,7.977601431383865
bkp56t,03t,20.99027971524296
bkp56t,11t,2.1926349579996076
bkp56t,12t,6.9778560864793455
bkp56t,50t,4.537951502664547
bkp56t,52t,8.603408383319152
bkp56t,53t,5.18303964227072
bkp56t,54t,0.6266693116578631
bkp56t,59t,2.012995085296411
bkp56t,61t,6.670705662132188
bkp56t,bkp100t,12.69702419966868
bkp56t,bkp101t,19.144624917030885
bkp56t,bkp102t,12.676770224764898
bkp56t,bkp103t,5.841940504397811
bkp56t,bkp104t,17.573761086179033
bkp56t,bkp105t,17.57451766036222
bkp56t,bkp112t,10.144832488998642
bkp56t,bkp114t,4.445483151277296
bkp56t,bkp116t,4.1972280796486
bkp56t,bkp117t,15.034722837494598
bkp56t,bkp118t,19.363372867817702
bkp56t,bkp119t,4.60547572349043
bkp56t,bkp121t,14.699562910009751
bkp56t,bkp120t,17.76964842806755
bkp56t,bkp122t,4.550916385084165
bkp56t,bkp123t,4.198766154249532
bkp56t,bkp124t,9.180674952692971
bkp56t,bkp126t,20.435968103986397
bkp56t,bkp125t,13.236998534240875
bkp56t,bkp128t,25.225905451404298
bkp56t,bkp127t,21.878227787630316
bkp56t,bkp129t,34.33719027774366
bkp56t,bkp130t,14.052869578430943
bkp56t,bkp131t,10.127882255440724
bkp56t,bkp133t,6.283488401355322
bkp56t,bkp56t,0.0
bkp56t,bkp57t,9.162701791086652
bkp56t,bkp58t,11.029273910042148
bkp56t,bkp59t,2.3626364050340154
bkp56t,bkp60t,3.607743398198149
bkp56t,bkp62t,5.654037626382871
bkp56t,bkp61t,4.385389287386034
bkp56t,bkp64t,5.723360400785723
bkp56t,bkp66t,4.989263760330896
bkp56t,bkp67t,7.454802685470801
bkp56t,bkp69t,10.327769914089362
bkp56t,bkp70t,5.624739208126901
bkp56t,bkp65t,4.817933595795211
bkp56t,bkp71t,11.487113269510424
bkp56t,bkp72t,14.348657329269912
bkp56t,bkp74t,16.2208137780371
bkp56t,bkp73t,8.953070609583675
bkp56t,bkp80t,34.739508064923825
bkp56t,bkp79t,27.79116300330417
bkp56t,bkp81t,13.269403802033347
bkp56t,bkp78t,25.482590935198374
bkp56t,bkp77t,15.18289755494384
bkp56t,bkp82t,10.276195775025798
bkp56t,bkp76t,10.185683984456087
bkp56t,bkp75t,18.132374845332258
bkp56t,o26,51.64673467681223
bkp56t,14t,26.085517735125133
bkp56t,18t,19.52643956333086
bkp56t,17t,13.684705416225903
bkp56t,08t,11.68002997691579
bkp56t,22t,15.830310584485703
bkp56t,13t,9.716435615514412
bkp56t,20t,30.732888020024806
bkp56t,81t,54.213887789606666
bkp56t,o10,10.457343867391137
bkp56t,bkp98t,12.424710459277907
bkp56t,bkp97t,13.382722788062274
bkp56t,bkp99t,14.31609518629299
bkp56t,bkp95t,4.7446308228010485
bkp56t,bkp93t,2.9286593032689394
bkp56t,27t,39.631836501056505
bkp56t,16t,16.56999844256491
bkp56t,bkp96t,6.958755231781445
bkp56t,bkp92t,5.8986626452419255
bkp56t,bkp91t,14.5367619112788
bkp56t,bkp89t,24.362501512763984
bkp56t,bkp87t,21.579715442484623
bkp56t,bkp85t,8.191049033832295
bkp56t,19t,32.65544314224661
bkp56t,o63,12.665369541305529
bkp56t,bkp90t,24.392813395549748
bkp56t,bkp88t,12.053189112364604
bkp56t,bkp86t,13.750057905130113
bkp56t,bkp94t,7.606567840014224
bkp56t,bkp84t,9.725227760944254
bkp56t,bkp83t,7.12075274544297
bkp56t,bkp63t,2.5992011754867645
bkp57t,02t,12.525933816604494
bkp57t,03t,21.833901400702814
bkp57t,11t,8.830739909247637
bkp57t,12t,5.956400192915692
bkp57t,50t,7.86721931150396
bkp57t,52t,12.80317677659955
bkp57t,53t,10.361783536845078
bkp57t,54t,8.598376486181817
bkp57t,59t,11.091736959878467
bkp57t,61t,7.399369532193591
bkp57t,bkp100t,11.761378557020938
bkp57t,bkp101t,20.700012858293146
bkp57t,bkp102t,13.025040565544941
bkp57t,bkp103t,14.59641164916371
bkp57t,bkp104t,20.842977937150597
bkp57t,bkp105t,18.589473038692134
bkp57t,bkp112t,10.79817344259442
bkp57t,bkp114t,7.268722584201905
bkp57t,bkp116t,12.716933273079535
bkp57t,bkp117t,6.900485785881293
bkp57t,bkp118t,15.596969850688113
bkp57t,bkp119t,4.911340104217121
bkp57t,bkp121t,13.200777248692523
bkp57t,bkp120t,25.44636055079064
bkp57t,bkp122t,5.557700744119284
bkp57t,bkp123t,12.934585243716516
bkp57t,bkp124t,16.389376371541328
bkp57t,bkp126t,23.552060709774576
bkp57t,bkp125t,12.233074519093238
bkp57t,bkp128t,19.466694693869037
bkp57t,bkp127t,27.366023432718247
bkp57t,bkp129t,32.48953072221253
bkp57t,bkp130t,19.619371954338806
bkp57t,bkp131t,9.2675158827636
bkp57t,bkp133t,13.745500334932913
bkp57t,bkp56t,9.162701791086652
bkp57t,bkp57t,0.0
bkp57t,bkp58t,10.642137404070832
bkp57t,bkp59t,9.656783322182052
bkp57t,bkp60t,12.092717616676227
bkp57t,bkp62t,10.360369660520893
bkp57t,bkp61t,11.240026610896825
bkp57t,bkp64t,6.879195909713689
bkp57t,bkp66t,7.4494151127609305
bkp57t,bkp67t,8.20071118186811
bkp57t,bkp69t,6.572906868348175
bkp57t,bkp70t,3.583051152107461
bkp57t,bkp65t,8.684133477652551
bkp57t,bkp71t,6.163191711438469
bkp57t,bkp72t,5.224700732411397
bkp57t,bkp74t,23.09210757800261
bkp57t,bkp73t,16.507400023465618
bkp57t,bkp80t,32.88390024624975
bkp57t,bkp79t,35.97812888159828
bkp57t,bkp81t,5.081521668216502
bkp57t,bkp78t,19.781373967731387
bkp57t,bkp77t,14.134626366086332
bkp57t,bkp82t,12.580682512120472
bkp57t,bkp76t,8.590093617282594
bkp57t,bkp75t,22.345162287595187
bkp57t,o26,52.86552494310242
bkp57t,14t,30.321186722053472
bkp57t,18t,11.468401023735867
bkp57t,17t,9.74634171144914
bkp57t,08t,7.5796122389801655
bkp57t,22t,24.25543918891875
bkp57t,13t,18.636830716877135
bkp57t,20t,37.508066587000755
bkp57t,81t,60.75982773367308
bkp57t,o10,8.952156355310326
bkp57t,bkp98t,19.02904449682217
bkp57t,bkp97t,20.73087011189563
bkp57t,bkp99t,11.68097827718071
bkp57t,bkp95t,13.814838034201248
bkp57t,bkp93t,8.606364223263714
bkp57t,27t,40.21032457518688
bkp57t,16t,10.107550893381356
bkp57t,bkp96t,11.259326982399994
bkp57t,bkp92t,13.138432999719031
bkp57t,bkp91t,12.748522120442294
bkp57t,bkp89t,28.168164133900138
bkp57t,bkp87t,27.141529564276922
bkp57t,bkp85t,14.841998426789438
bkp57t,19t,23.656551377335944
bkp57t,o63,3.8682843430936593
bkp57t,bkp90t,25.821401137801903
bkp57t,bkp88t,16.196878990290404
bkp57t,bkp86t,20.900588575120064
bkp57t,bkp94t,2.077516091599196
bkp57t,bkp84t,14.214928831326551
bkp57t,bkp83t,11.800577816253275
bkp57t,bkp63t,11.60038751422228
bkp58t,02t,5.84693728448071
bkp58t,03t,11.281259151060661
bkp58t,11t,12.72670226952626
bkp58t,12t,5.281268039864254
bkp58t,50t,6.50713563372466
bkp58t,52t,5.499287298180559
bkp58t,53t,15.755707055642302
bkp58t,54t,10.541843728500252
bkp58t,59t,11.512672931249918
bkp58t,61t,15.166855534520543
bkp58t,bkp100t,21.10498033317778
bkp58t,bkp101t,29.171604618376133
bkp58t,bkp102t,2.383009697259501
bkp58t,bkp103t,12.453911122735867
bkp58t,bkp104t,10.557006602699094
bkp58t,bkp105t,7.963300578855051
bkp58t,bkp112t,1.2751604658446538
bkp58t,bkp114t,6.730776090775146
bkp58t,bkp116t,14.955657022071577
bkp58t,bkp117t,17.1286687299457
bkp58t,bkp118t,26.07178212035891
bkp58t,bkp119t,8.54782990022928
bkp58t,bkp121t,3.673101385573778
bkp58t,bkp120t,28.282435002561957
bkp58t,bkp122t,7.755410282578072
bkp58t,bkp123t,14.773829997215413
bkp58t,bkp124t,10.796381610993443
bkp58t,bkp126t,13.097828539676232
bkp58t,bkp125t,21.64200913775384
bkp58t,bkp128t,30.067344886896187
bkp58t,bkp127t,17.96166337551262
bkp58t,bkp129t,42.69308514615327
bkp58t,bkp130t,25.070655288876917
bkp58t,bkp131t,1.3777639215056616
bkp58t,bkp133t,9.785196829128807
bkp58t,bkp56t,11.029273910042148
bkp58t,bkp57t,10.642137404070832
bkp58t,bkp58t,0.0
bkp58t,bkp59t,9.114998490895347
bkp58t,bkp60t,10.70245054012025
bkp58t,bkp62t,6.191237299912785
bkp58t,bkp61t,8.438524826259918
bkp58t,bkp64t,14.158112596268522
bkp58t,bkp66t,6.139588560286209
bkp58t,bkp67t,3.6528143351533973
bkp58t,bkp69t,4.4882613467366195
bkp58t,bkp70t,10.27012645391345
bkp58t,bkp65t,6.2597204055989355
bkp58t,bkp71t,16.619322243819294
bkp58t,bkp72t,14.097111082700206
bkp58t,bkp74t,27.115834890924997
bkp58t,bkp73t,19.831671704758126
bkp58t,bkp80t,43.09286701733904
bkp58t,bkp79t,37.58941044055538
bkp58t,bkp81t,15.457326736500422
bkp58t,bkp78t,30.386749619262993
bkp58t,bkp77t,23.675237679398517
bkp58t,bkp82t,3.347741184635108
bkp58t,bkp76t,17.918415261083954
bkp58t,bkp75t,29.009257504378986
bkp58t,o26,42.4333395974709
bkp58t,14t,20.078006014662673
bkp58t,18t,13.45800777646315
bkp58t,17t,4.578421858988344
bkp58t,08t,4.453654232228536
bkp58t,22t,25.735310448257195
bkp58t,13t,19.2124558943939
bkp58t,20t,41.483768360401804
bkp58t,81t,51.398043012463766
bkp58t,o10,18.285228251090302
bkp58t,bkp98t,23.42463065917537
bkp58t,bkp97t,24.187055547871243
bkp58t,bkp99t,21.710572940680446
bkp58t,bkp95t,14.594746010482758
bkp58t,bkp93t,13.191880944285922
bkp58t,27t,29.916042441334877
bkp58t,16t,8.998195285813878
bkp58t,bkp96t,17.418246229030498
bkp58t,bkp92t,9.258528508618793
bkp58t,bkp91t,3.557947262814745
bkp58t,bkp89t,17.81361381732309
bkp58t,bkp87t,17.8073793910547
bkp58t,bkp85t,9.1767701826794
bkp58t,19t,31.076839193277756
bkp58t,o63,10.868841819528297
bkp58t,bkp90t,15.214701506778725
bkp58t,bkp88t,7.162347103089314
bkp58t,bkp86t,13.992922062624602
bkp58t,bkp94t,8.908500006462326
bkp58t,bkp84t,6.325432721116723
bkp58t,bkp83t,5.936528485867187
bkp58t,bkp63t,11.516368329195934
bkp59t,02t,5.615797335401349
bkp59t,03t,18.686373146438797
bkp59t,11t,4.535678368504985
bkp59t,12t,5.921821523140498
bkp59t,50t,2.963048299765383
bkp59t,52t,6.244554692753391
bkp59t,53t,7.543681243328912
bkp59t,54t,2.2277186442824997
bkp59t,59t,2.4249567455717487
bkp59t,61t,8.761636589918458
bkp59t,bkp100t,14.908470513231245
bkp59t,bkp101t,21.506693133989934
bkp59t,bkp102t,10.55739731611413
bkp59t,bkp103t,4.9914815845705895
bkp59t,bkp104t,15.213732055698875
bkp59t,bkp105t,15.285577250078122
bkp59t,bkp112t,8.114075575725305
bkp59t,bkp114t,3.1822082468735733
bkp59t,bkp116t,5.846648806113156
bkp59t,bkp117t,16.094316703822436
bkp59t,bkp118t,21.3937394668232
bkp59t,bkp119t,4.747158887250378
bkp59t,bkp121t,12.776771863520686
bkp59t,bkp120t,19.238825491432817
bkp59t,bkp122t,4.235149239531072
bkp59t,bkp123t,5.660198484557425
bkp59t,bkp124t,7.277276405633713
bkp59t,bkp126t,18.077574854576458
bkp59t,bkp125t,15.45406232101253
bkp59t,bkp128t,27.010531022517124
bkp59t,bkp127t,19.720808802834636
bkp59t,bkp129t,36.631048331133684
bkp59t,bkp130t,16.166544137074666
bkp59t,bkp131t,8.385820021995594
bkp59t,bkp133t,4.391511765053932
bkp59t,bkp56t,2.3626364050340154
bkp59t,bkp57t,9.656783322182052
bkp59t,bkp58t,9.114998490895347
bkp59t,bkp59t,0.0
bkp59t,bkp60t,2.485981998164436
bkp59t,bkp62t,3.348656796885401
bkp59t,bkp61t,2.1285821665277154
bkp59t,bkp64t,7.751110568143567
bkp59t,bkp66t,3.546982418906866
bkp59t,bkp67t,5.7423133748644455
bkp59t,bkp69t,9.220339451309279
bkp59t,bkp70t,6.448444832910329
bkp59t,bkp65t,2.8866901445097337
bkp59t,bkp71t,13.052769291358754
bkp59t,bkp72t,14.866640110167703
bkp59t,bkp74t,18.002991814368848
bkp59t,bkp73t,10.723081731001436
bkp59t,bkp80t,37.033698832322656
bkp59t,bkp79t,28.895315231856532
bkp59t,bkp81t,14.270303974615551
bkp59t,bkp78t,27.27998190444908
bkp59t,bkp77t,17.42883827044623
bkp59t,bkp82t,8.010500350814334
bkp59t,bkp76t,12.240857747661245
bkp59t,bkp75t,20.36824446224093
bkp59t,o26,49.28608282049658
bkp59t,14t,23.79983526182069
bkp59t,18t,19.00191040780869
bkp59t,17t,12.284928509134216
bkp59t,08t,10.485732272656913
bkp59t,22t,16.931418363529527
bkp59t,13t,10.520481661627102
bkp59t,20t,32.38644951202849
bkp59t,81t,52.35607146092678
bkp59t,o10,12.536853241923088
bkp59t,bkp98t,14.363541202595943
bkp59t,bkp97t,15.073027056786966
bkp59t,bkp99t,16.393769971532205
bkp59t,bkp95t,5.622328615386411
bkp59t,bkp93t,5.245364588309059
bkp59t,27t,37.29306528088868
bkp59t,16t,15.620872877013149
bkp59t,bkp96t,9.319839182390426
bkp59t,bkp92t,3.8869156743962705
bkp59t,bkp91t,12.668990539011158
bkp59t,bkp89t,22.04061580494552
bkp59t,bkp87t,19.43225729753168
bkp59t,bkp85t,6.076846913747119
bkp59t,19t,33.31146778822988
bkp59t,o63,12.728351557436406
bkp59t,bkp90t,22.046937317586163
bkp59t,bkp88t,9.6966619244599
bkp59t,bkp86t,11.909431805242326
bkp59t,bkp94t,7.784673943993315
bkp59t,bkp84t,7.365959615340309
bkp59t,bkp83t,4.762663230952804
bkp59t,bkp63t,2.5678607842473973
bkp60t,02t,5.968010325468589
bkp60t,03t,19.168067302406154
bkp60t,11t,5.581295326465214
bkp60t,12t,8.269555009565734
bkp60t,50t,5.232341177038426
bkp60t,52t,6.627060750951249
bkp60t,53t,8.112814927805163
bkp60t,54t,3.897984620752511
bkp60t,59t,1.936223710940995
bkp60t,61t,10.234625266542146
bkp60t,bkp100t,16.119982136094684
bkp60t,bkp101t,21.861552798636403
bkp60t,bkp102t,11.746738371949961
bkp60t,bkp103t,2.5111146990761943
bkp60t,bkp104t,15.025938703518387
bkp60t,bkp105t,15.877208492742225
bkp60t,bkp112t,9.557918247479272
bkp60t,bkp114t,5.5677944010092055
bkp60t,bkp116t,5.057109063475777
bkp60t,bkp117t,18.387815647515616
bkp60t,bkp118t,22.917700934161445
bkp60t,bkp119t,7.198534624642563
bkp60t,bkp121t,14.263229781647388
bkp60t,bkp120t,17.650814826920257
bkp60t,bkp122t,6.720234444222199
bkp60t,bkp123t,4.6768421409425445
bkp60t,bkp124t,5.691872238499602
bkp60t,bkp126t,17.824531563371036
bkp60t,bkp125t,16.64942388969246
bkp60t,bkp128t,28.83349055240458
bkp60t,bkp127t,18.541610248061055
bkp60t,bkp129t,37.53552253272257
bkp60t,bkp130t,15.558389298213049
bkp60t,bkp131t,10.206257690256633
bkp60t,bkp133t,2.900402930308485
bkp60t,bkp56t,3.607743398198149
bkp60t,bkp57t,12.092717616676227
bkp60t,bkp58t,10.70245054012025
bkp60t,bkp59t,2.485981998164436
bkp60t,bkp60t,0.0
bkp60t,bkp62t,4.515351235670573
bkp60t,bkp61t,2.2905296546046463
bkp60t,bkp64t,9.315755061243355
bkp60t,bkp66t,5.836499292385272
bkp60t,bkp67t,7.704129423344606
bkp60t,bkp69t,11.478665492319434
bkp60t,bkp70t,8.771273274816783
bkp60t,bkp65t,4.889888320545467
bkp60t,bkp71t,15.056954984885353
bkp60t,bkp72t,17.313275940990525
bkp60t,bkp74t,16.803557060014963
bkp60t,bkp73t,9.680926581182431
bkp60t,bkp80t,37.93629059503422
bkp60t,bkp79t,26.925974896097536
bkp60t,bkp81t,16.582475310473335
bkp60t,bkp78t,29.089770578972963
bkp60t,bkp77t,18.540524410728654
bkp60t,bkp82t,8.889880636323378
bkp60t,bkp76t,13.748231714721884
bkp60t,bkp75t,20.016078024670414
bkp60t,o26,49.18729109967301
bkp60t,14t,23.005567195445742
bkp60t,18t,21.407768705888998
bkp60t,17t,14.322787165404648
bkp60t,08t,12.680264428365374
bkp60t,22t,15.035612552667864
bkp60t,13t,8.520606452303245
bkp60t,20t,30.92006236539599
bkp60t,81t,50.62639333061852
bkp60t,o10,14.006602080510596
bkp60t,bkp98t,13.463212887445295
bkp60t,bkp97t,13.79967520009934
bkp60t,bkp99t,17.85387026634686
bkp60t,bkp95t,4.034137898647171
bkp60t,bkp93t,6.343705888218929
bkp60t,27t,37.474277927547
bkp60t,16t,17.890144126761076
bkp60t,bkp96t,9.825444988190036
bkp60t,bkp92t,2.7195641701272284
bkp60t,bkp91t,14.234841324272766
bkp60t,bkp89t,21.431597609138795
bkp60t,bkp87t,18.229960020666166
bkp60t,bkp85t,4.982247158948656
bkp60t,19t,35.747225785167416
bkp60t,o63,15.21416420464646
bkp60t,bkp90t,22.232223700093456
bkp60t,bkp88t,9.551749397881453
bkp60t,bkp86t,10.185403763921707
bkp60t,bkp94t,10.256796263384452
bkp60t,bkp84t,7.369054523910776
bkp60t,bkp83t,5.3036095342960845
bkp60t,bkp63t,1.423077239656884
bkp62t,02t,2.523295139440532
bkp62t,03t,15.342967761806413
bkp62t,11t,7.747756654843879
bkp62t,12t,4.9570260118911005
bkp62t,50t,2.5457145761555973
bkp62t,52t,3.067007061838557
bkp62t,53t,10.817833879683015
bkp62t,54t,5.371584395801683
bkp62t,59t,5.539026575630366
bkp62t,61t,11.518302668616895
bkp62t,bkp100t,17.743410588195978
bkp62t,bkp101t,24.752398705202516
bkp62t,bkp102t,7.3230618392904745
bkp62t,bkp103t,6.3693259675817435
bkp62t,bkp104t,12.105974961668192
bkp62t,bkp105t,11.937684306851427
bkp62t,bkp112t,5.044837326210436
bkp62t,bkp114t,3.163157579068852
bkp62t,bkp116t,9.06316221479004
bkp62t,bkp117t,17.21296489427546
bkp62t,bkp118t,23.857502750141897
bkp62t,bkp119t,5.877998186243152
bkp62t,bkp121t,9.753272193900122
bkp62t,bkp120t,22.143102880800846
bkp62t,bkp122t,4.999490390910692
bkp62t,bkp123t,8.807227028487521
bkp62t,bkp124t,6.193203616714185
bkp62t,bkp126t,14.978132461185355
bkp62t,bkp125t,18.29439864478267
bkp62t,bkp128t,29.02690084418096
bkp62t,bkp127t,17.37328733572742
bkp62t,bkp129t,39.5692725400099
bkp62t,bkp130t,19.48740866720406
bkp62t,bkp131t,5.787932597210428
bkp62t,bkp133t,4.069738730548145
bkp62t,bkp56t,5.654037626382871
bkp62t,bkp57t,10.360369660520893
bkp62t,bkp58t,6.191237299912785
bkp62t,bkp59t,3.348656796885401
bkp62t,bkp60t,4.515351235670573
bkp62t,bkp62t,0.0
bkp62t,bkp61t,2.2492172092413285
bkp62t,bkp64t,10.466224912466297
bkp62t,bkp66t,2.9109545657015734
bkp62t,bkp67t,3.543687444451805
bkp62t,bkp69t,7.6224573865763245
bkp62t,bkp70t,7.9593161642952905
bkp62t,bkp65t,1.7016639112008982
bkp62t,bkp71t,14.966780365369154
bkp62t,bkp72t,15.276785372134128
bkp62t,bkp74t,21.144829702608636
bkp62t,bkp73t,13.907319481336039
bkp62t,bkp80t,39.97231545934778
bkp62t,bkp79t,31.406892727057915
bkp62t,bkp81t,15.37141152575781
bkp62t,bkp78t,29.31497308928416
bkp62t,bkp77t,20.310367474827668
bkp62t,bkp82t,4.666191819698787
bkp62t,bkp76t,14.86006848244605
bkp62t,bkp75t,23.716205810380497
bkp62t,o26,46.04530684911179
bkp62t,14t,21.029952552729895
bkp62t,18t,17.798007339487384
bkp62t,17t,10.025650011153832
bkp62t,08t,8.642855088752556
bkp62t,22t,19.54424051632113
bkp62t,13t,13.0213770403868
bkp62t,20t,35.38852520447437
bkp62t,81t,50.53161136003186
bkp62t,o10,15.186802428552648
bkp62t,bkp98t,17.612231924454786
bkp62t,bkp97t,18.171289840869786
bkp62t,bkp99t,18.98458768454092
bkp62t,bkp95t,8.466627469166514
bkp62t,bkp93t,8.401807327564425
bkp62t,27t,33.98095452526921
bkp62t,16t,13.904872067977125
bkp62t,bkp96t,12.587667074392266
bkp62t,bkp92t,3.4476446348592127
bkp62t,bkp91t,9.71950242483824
bkp62t,bkp89t,19.139122258483145
bkp62t,bkp87t,17.1156249339381
bkp62t,bkp85t,4.549872690303827
bkp62t,19t,33.571924576563596
bkp62t,o63,12.608025041506924
bkp62t,bkp90t,18.750154660895305
bkp62t,bkp88t,6.68168423883925
bkp62t,bkp86t,10.567501854933674
bkp62t,bkp94t,8.289300947497564
bkp62t,bkp84t,4.372104992607229
bkp62t,bkp83t,1.6470605042320514
bkp62t,bkp63t,5.435142077672432
bkp61t,02t,3.837126946651644
bkp61t,03t,17.07307097226925
bkp61t,11t,6.577714401166667
bkp61t,12t,6.574280343739836
bkp61t,50t,3.603834995437244
bkp61t,52t,4.4968966166625375
bkp61t,53t,9.490777970704414
bkp61t,54t,4.340932784045436
bkp61t,59t,3.62507766831124
bkp61t,61t,10.889927802555635
bkp61t,bkp100t,17.026798369149144
bkp61t,bkp101t,23.436250004364098
bkp61t,bkp102t,9.460667730758095
bkp61t,bkp103t,4.197572755143873
bkp61t,bkp104t,13.265198190520254
bkp61t,bkp105t,13.733168800715934
bkp61t,bkp112t,7.276953950174388
bkp61t,bkp114t,4.10502672566341
bkp61t,bkp116t,7.10822584442497
bkp61t,bkp117t,17.88792052930001
bkp61t,bkp118t,23.51727857555809
bkp61t,bkp119t,6.3891948704971995
bkp61t,bkp121t,11.978002719265024
bkp61t,bkp120t,19.941232271904585
bkp61t,bkp122t,5.682753527117313
bkp61t,bkp123t,6.792724331334529
bkp61t,bkp124t,5.272099017881757
bkp61t,bkp126t,16.113080642287702
bkp61t,bkp125t,17.571290189798525
bkp61t,bkp128t,29.077800791641717
bkp61t,bkp127t,17.592303492420946
bkp61t,bkp129t,38.7188660138258
bkp61t,bkp130t,17.621796923634147
bkp61t,bkp131t,8.013170567051892
bkp61t,bkp133t,2.50567111338592
bkp61t,bkp56t,4.385389287386034
bkp61t,bkp57t,11.240026610896825
bkp61t,bkp58t,8.438524826259918
bkp61t,bkp59t,2.1285821665277154
bkp61t,bkp60t,2.2905296546046463
bkp61t,bkp62t,2.2492172092413285
bkp61t,bkp61t,0.0
bkp61t,bkp64t,9.87938977291069
bkp61t,bkp66t,4.177449749455325
bkp61t,bkp67t,5.624923145766054
bkp61t,bkp69t,9.582251811847941
bkp61t,bkp70t,8.292346857039806
bkp61t,bkp65t,3.0107011736301885
bkp61t,bkp71t,15.075743356822716
bkp61t,bkp72t,16.370323794512355
bkp61t,bkp74t,19.049482201090015
bkp61t,bkp73t,11.870089252588691
bkp61t,bkp80t,39.12129710180615
bkp61t,bkp79t,29.15778964119766
bkp61t,bkp81t,16.04902444136482
bkp61t,bkp78t,29.35092616199956
bkp61t,bkp77t,19.538374369182662
bkp61t,bkp82t,6.63587602677177
bkp61t,bkp76t,14.368600950512862
bkp61t,bkp75t,21.979815506459563
bkp61t,o26,47.40578025254899
bkp61t,14t,21.703917280099486
bkp61t,18t,19.68086161563206
bkp61t,17t,12.207866574295311
bkp61t,08t,10.70043843633311
bkp61t,22t,17.29912257218728
bkp61t,13t,10.774299464542803
bkp61t,20t,33.20775296749002
bkp61t,81t,50.29323827299752
bkp61t,o10,14.665300419008998
bkp61t,bkp98t,15.62455374730965
bkp61t,bkp97t,16.05541858311665
bkp61t,bkp99t,18.521758294795674
bkp61t,bkp95t,6.301967735930752
bkp61t,bkp93t,7.3109966283936005
bkp61t,27t,35.534574075174525
bkp61t,16t,15.954749521847978
bkp61t,bkp96t,11.26138029295807
bkp61t,bkp92t,1.909483103817666
bkp61t,bkp91t,11.958171701286021
bkp61t,bkp89t,19.979435262236976
bkp61t,bkp87t,17.304113435572592
bkp61t,bkp85t,3.9671157182004118
bkp61t,19t,34.79911546392851
bkp61t,o63,13.968174889473536
bkp61t,bkp90t,20.276301182059214
bkp61t,bkp88t,7.7366606729909115
bkp61t,bkp86t,9.89744540530927
bkp61t,bkp94t,9.249464128997706
bkp61t,bkp84t,5.440664108075187
bkp61t,bkp83t,3.0876619646725834
bkp61t,bkp63t,3.380031703567286
bkp64t,02t,12.98386014363437
bkp64t,03t,25.14672497550084
bkp64t,11t,3.8702419783043696
bkp64t,12t,8.957071884349325
bkp64t,50t,8.316268181173774
bkp64t,52t,13.528816486837078
bkp64t,53t,3.7059909746138904
bkp64t,54t,5.577705041961139
bkp64t,59t,7.530713920628561
bkp64t,61t,1.0566747419776683
bkp64t,bkp100t,7.280292939678181
bkp64t,bkp101t,15.039387482032964
bkp64t,bkp102t,16.292539433809868
bkp64t,bkp103t,11.369937640757728
bkp64t,bkp104t,22.547293558994795
bkp64t,bkp105t,21.709779768269236
bkp64t,bkp112t,13.684046179733567
bkp64t,bkp114t,7.828876521980567
bkp64t,bkp116t,7.264643364707725
bkp64t,bkp117t,10.535564101967507
bkp64t,bkp118t,13.65977785158263
bkp64t,bkp119t,5.613179134145781
bkp64t,bkp121t,17.562368787754323
bkp64t,bkp120t,18.760718590286263
bkp64t,bkp122t,6.418112100021648
bkp64t,bkp123t,7.668136021566385
bkp64t,bkp124t,14.891697611188293
bkp64t,bkp126t,25.416063416063675
bkp64t,bkp125t,7.831604309341324
bkp64t,bkp128t,19.545458782893398
bkp64t,bkp127t,27.471581383629946
bkp64t,bkp129t,29.117324032110947
bkp64t,bkp130t,12.74937354625918
bkp64t,bkp131t,12.914452829835751
bkp64t,bkp133t,11.986065601573339
bkp64t,bkp56t,5.723360400785723
bkp64t,bkp57t,6.879195909713689
bkp64t,bkp58t,14.158112596268522
bkp64t,bkp59t,7.751110568143567
bkp64t,bkp60t,9.315755061243355
bkp64t,bkp62t,10.466224912466297
bkp64t,bkp61t,9.87938977291069
bkp64t,bkp64t,0.0
bkp64t,bkp66t,8.389218724089648
bkp64t,bkp67t,10.61894454837465
bkp64t,bkp69t,11.580031586585935
bkp64t,bkp70t,4.257182509805351
bkp64t,bkp65t,9.024151854604762
bkp64t,bkp71t,6.204022415877807
bkp64t,bkp72t,11.105249324468582
bkp64t,bkp74t,16.256299525595296
bkp64t,bkp73t,10.000410618271179
bkp64t,bkp80t,29.520329731049507
bkp64t,bkp79t,29.403021985098277
bkp64t,bkp81t,9.023220006214627
bkp64t,bkp78t,19.795275197806397
bkp64t,bkp77t,9.856251110239041
bkp64t,bkp82t,14.574329622685093
bkp64t,bkp76t,4.491113450941344
bkp64t,bkp75t,15.71776041167454
bkp64t,o26,56.22218916270587
bkp64t,14t,31.449416703993734
bkp64t,18t,18.34728958880124
bkp64t,17t,15.191011118179434
bkp64t,08t,12.917769011555185
bkp64t,22t,17.95524815361515
bkp64t,13t,13.06458878843886
bkp64t,20t,30.63082906354482
bkp64t,81t,59.93663576452871
bkp64t,o10,4.786221473210164
bkp64t,bkp98t,12.197012512069813
bkp64t,bkp97t,14.017944144904014
bkp64t,bkp99t,8.642929388632886
bkp64t,bkp95t,8.962253132688476
bkp64t,bkp93t,3.1780721850073306
bkp64t,27t,43.90393296889721
bkp64t,16t,16.661666268819666
bkp64t,bkp96t,4.38072639813378
bkp64t,bkp92t,11.563256682013751
bkp64t,bkp91t,17.2452324555552
bkp64t,bkp89t,29.59981433599003
bkp64t,bkp87t,27.1833678368815
bkp64t,bkp85t,13.81464826339056
bkp64t,19t,28.462957289115423
bkp64t,o63,10.71852175295037
bkp64t,bkp90t,28.84468966157783
bkp64t,bkp88t,17.146649777334265
bkp64t,bkp86t,19.47295286128086
bkp64t,bkp94t,6.672598464308224
bkp64t,bkp84t,14.825885782260936
bkp64t,bkp83t,12.101401707306962
bkp64t,bkp63t,8.144930418358387
bkp66t,02t,5.193874109338778
bkp66t,03t,16.778432356336495
bkp66t,11t,6.587181726131499
bkp66t,12t,2.4394038109206826
bkp66t,50t,0.6043602631954967
bkp66t,52t,5.579833733806963
bkp66t,53t,9.624542128296067
bkp66t,54t,4.4538827013838205
bkp66t,59t,5.911458235328572
bkp66t,61t,9.439121123477001
bkp66t,bkp100t,15.606379446395032
bkp66t,bkp101t,23.22187500919435
bkp66t,bkp102t,8.033538061198167
bkp66t,bkp103t,8.20671193022624
bkp66t,bkp104t,14.343968592243602
bkp66t,bkp105t,13.336837706750396
bkp66t,bkp112t,5.419706893679744
bkp66t,bkp114t,0.5954556633086036
bkp66t,bkp116t,9.100570673140014
bkp66t,bkp117t,14.308498596891262
bkp66t,bkp118t,21.352505089562626
bkp66t,bkp119t,3.152200769489908
bkp66t,bkp121t,9.781128808644995
bkp66t,bkp120t,22.645370991686104
bkp66t,bkp122t,2.22852987435053
bkp66t,bkp123t,9.005574053971712
bkp66t,bkp124t,9.020358508830682
bkp66t,bkp126t,17.189350670612846
bkp66t,bkp125t,16.156010409868166
bkp66t,bkp128t,26.27966626500691
bkp66t,bkp127t,20.14338244383914
bkp66t,bkp129t,37.42616358468216
bkp66t,bkp130t,18.961396992619743
bkp66t,bkp131t,5.150877094155902
bkp66t,bkp133t,6.581169870394452
bkp66t,bkp56t,4.989263760330896
bkp66t,bkp57t,7.4494151127609305
bkp66t,bkp58t,6.139588560286209
bkp66t,bkp59t,3.546982418906866
bkp66t,bkp60t,5.836499292385272
bkp66t,bkp62t,2.9109545657015734
bkp66t,bkp61t,4.177449749455325
bkp66t,bkp64t,8.389218724089648
bkp66t,bkp66t,0.0
bkp66t,bkp67t,2.497763811175449
bkp66t,bkp69t,5.676988792726208
bkp66t,bkp70t,5.24161971751355
bkp66t,bkp65t,1.2595379068178632
bkp66t,bkp71t,12.24974783018684
bkp66t,bkp72t,12.401250381996007
bkp66t,bkp74t,21.204570032708588
bkp66t,bkp73t,13.92679316588773
bkp66t,bkp80t,37.82872962344005
bkp66t,bkp79t,32.42333372167964
bkp66t,bkp81t,12.46849675044509
bkp66t,bkp78t,26.573965508349342
bkp66t,bkp77t,18.19517692390542
bkp66t,bkp82t,6.19987827555332
bkp66t,bkp76t,12.563030968832807
bkp66t,bkp75t,22.87010981889392
bkp66t,o26,47.833105090642654
bkp66t,14t,23.550437762154136
bkp66t,18t,15.589418484012464
bkp66t,17t,8.790477583849274
bkp66t,08t,6.940053851263576
bkp66t,22t,20.451913994347127
bkp66t,13t,14.065126814408933
bkp66t,20t,35.694458063539386
bkp66t,81t,53.400243084847006
bkp66t,o10,12.910206744780638
bkp66t,bkp98t,17.40981429545439
bkp66t,bkp97t,18.34388123789746
bkp66t,bkp99t,16.60742600838979
bkp66t,bkp95t,9.137045158778857
bkp66t,bkp93t,7.063051444914691
bkp66t,27t,35.536727129894366
bkp66t,16t,12.084510148063618
bkp66t,bkp96t,11.30796371347977
bkp66t,bkp92t,5.946725274927937
bkp66t,bkp91t,9.586466442986179
bkp66t,bkp89t,21.55523949215734
bkp66t,bkp87t,19.897945986036444
bkp66t,bkp85t,7.4225314864565
bkp66t,19t,30.75630952760057
bkp66t,o63,9.839521119525706
bkp66t,bkp90t,20.455559811734577
bkp66t,bkp88t,9.171875331596224
bkp66t,bkp86t,13.46657840437601
bkp66t,bkp94t,5.379037561576114
bkp66t,bkp84t,6.98800779962758
bkp66t,bkp83t,4.403558644528145
bkp66t,bkp63t,6.112989343340859
bkp67t,02t,4.742615303368818
bkp67t,03t,14.562658810895812
bkp67t,11t,9.081028566010863
bkp67t,12t,2.2468674568345843
bkp67t,50t,2.918924646516963
bkp67t,52t,4.835325145839428
bkp67t,53t,12.103064152120993
bkp67t,54t,6.938588328100735
bkp67t,59t,8.166723172996685
bkp67t,61t,11.648150460750156
bkp67t,bkp100t,17.70607731580475
bkp67t,bkp101t,25.580658928046617
bkp67t,bkp102t,5.67383426839574
bkp67t,bkp103t,9.821943588749443
bkp67t,bkp104t,12.722336050197157
bkp67t,bkp105t,11.142381183189096
bkp67t,bkp112t,3.0681390328580784
bkp67t,bkp114t,3.0838312755073485
bkp67t,bkp116t,11.496944141145342
bkp67t,bkp117t,15.056848384426923
bkp67t,bkp118t,23.070724085569562
bkp67t,bkp119t,5.063396688749034
bkp67t,bkp121t,7.283543093422309
bkp67t,bkp120t,24.977196916170044
bkp67t,bkp122t,4.204930288897094
bkp67t,bkp123t,11.363150897638377
bkp67t,bkp124t,9.478740075202154
bkp67t,bkp126t,15.495981500055944
bkp67t,bkp125t,18.250421155170365
bkp67t,bkp128t,27.57189120241559
bkp67t,bkp127t,19.217454083287514
bkp67t,bkp129t,39.43955691599674
bkp67t,bkp130t,21.45720738035668
bkp67t,bkp131t,2.676523190688675
bkp67t,bkp133t,7.607149075359149
bkp67t,bkp56t,7.454802685470801
bkp67t,bkp57t,8.20071118186811
bkp67t,bkp58t,3.6528143351533973
bkp67t,bkp59t,5.7423133748644455
bkp67t,bkp60t,7.704129423344606
bkp67t,bkp62t,3.543687444451805
bkp67t,bkp61t,5.624923145766054
bkp67t,bkp64t,10.61894454837465
bkp67t,bkp66t,2.497763811175449
bkp67t,bkp67t,0.0
bkp67t,bkp69t,4.102953702888629
bkp67t,bkp70t,6.970891185158055
bkp67t,bkp65t,2.870638701254133
bkp67t,bkp71t,13.733509301838428
bkp67t,bkp72t,12.589585405246437
bkp67t,bkp74t,23.639273475229963
bkp67t,bkp73t,16.35313698051994
bkp67t,bkp80t,39.84107656363904
bkp67t,bkp79t,34.58004540697965
bkp67t,bkp81t,13.265741271222145
bkp67t,bkp78t,27.878893143711508
bkp67t,bkp77t,20.291420074413583
bkp67t,bkp82t,4.416022921761544
bkp67t,bkp76t,14.573110148073475
bkp67t,bkp75t,25.359585997566196
bkp67t,o26,45.70456243983593
bkp67t,14t,22.147763668513957
bkp67t,18t,14.284490792508128
bkp67t,17t,6.618755427895645
bkp67t,08t,5.101877728862098
bkp67t,22t,22.637355990661874
bkp67t,13t,16.170738403188295
bkp67t,20t,38.09147471972565
bkp67t,81t,52.68052587445858
bkp67t,o10,14.932741009432815
bkp67t,bkp98t,19.87882061152371
bkp67t,bkp97t,20.751200393896813
bkp67t,bkp99t,18.501336424453456
bkp67t,bkp95t,11.352506969678535
bkp67t,bkp93t,9.539161252918788
bkp67t,27t,33.305519396094205
bkp67t,16t,10.364849641082456
bkp67t,bkp96t,13.767411248027111
bkp67t,bkp92t,6.989579515943163
bkp67t,bkp91t,7.091783722071451
bkp67t,bkp89t,20.03411013572337
bkp67t,bkp87t,19.005263753395457
bkp67t,bkp85t,7.77948946917648
bkp67t,19t,30.558915912131482
bkp67t,o63,9.637956113394083
bkp67t,bkp90t,18.352707851845867
bkp67t,bkp88t,8.020557498159299
bkp67t,bkp86t,13.526621298009122
bkp67t,bkp94t,6.199537294612383
bkp67t,bkp84t,6.190002635628998
bkp67t,bkp83t,4.268582378651945
bkp67t,bkp63t,8.26927397876441
bkp69t,02t,8.679745265144438
bkp69t,03t,15.344853197536139
bkp69t,11t,11.373996975534324
bkp69t,12t,3.3594425528250036
bkp69t,50t,6.272508834446937
bkp69t,52t,8.63324225756849
bkp69t,53t,14.056778674526033
bkp69t,54t,9.720705707841775
bkp69t,59t,11.543984807785217
bkp69t,61t,12.465765121656865
bkp69t,bkp100t,17.893934672561578
bkp69t,bkp101t,26.483877863776108
bkp69t,bkp102t,6.7891695213867544
bkp69t,bkp103t,13.756566655401919
bkp69t,bkp104t,15.043713454883092
bkp69t,bkp105t,12.200199695248385
bkp69t,bkp112t,5.12041101755129
bkp69t,bkp114t,6.064681528966951
bkp69t,bkp116t,14.524961174689913
bkp69t,bkp117t,12.718949436531881
bkp69t,bkp118t,22.16985238507397
bkp69t,bkp119t,6.330269314368304
bkp69t,bkp121t,6.627980244735136
bkp69t,bkp120t,28.094841793685195
bkp69t,bkp122t,5.9257537455313365
bkp69t,bkp123t,14.500963195997796
bkp69t,bkp124t,13.55078895633222
bkp69t,bkp126t,17.574704007147826
bkp69t,bkp125t,18.404467526679614
bkp69t,bkp128t,25.762163254513865
bkp69t,bkp127t,22.31381361511932
bkp69t,bkp129t,39.032567424532836
bkp69t,bkp130t,23.700109050365434
bkp69t,bkp131t,3.2627360969489647
bkp69t,bkp133t,11.692172732952509
bkp69t,bkp56t,10.327769914089362
bkp69t,bkp57t,6.572906868348175
bkp69t,bkp58t,4.4882613467366195
bkp69t,bkp59t,9.220339451309279
bkp69t,bkp60t,11.478665492319434
bkp69t,bkp62t,7.6224573865763245
bkp69t,bkp61t,9.582251811847941
bkp69t,bkp64t,11.580031586585935
bkp69t,bkp66t,5.676988792726208
bkp69t,bkp67t,4.102953702888629
bkp69t,bkp69t,0.0
bkp69t,bkp70t,7.337233179759029
bkp69t,bkp65t,6.615269521781709
bkp69t,bkp71t,12.725352131631423
bkp69t,bkp72t,9.609527810664085
bkp69t,bkp74t,26.40143155277545
bkp69t,bkp73t,19.210516793262517
bkp69t,bkp80t,39.42831487364178
bkp69t,bkp79t,38.042116451261435
bkp69t,bkp81t,11.105906576417869
bkp69t,bkp78t,26.086725703833007
bkp69t,bkp77t,20.388453403221373
bkp69t,bkp82t,7.316423329200241
bkp69t,bkp76t,14.66041269144453
bkp69t,bkp75t,27.17029388557764
bkp69t,o26,46.30159829554536
bkp69t,14t,24.566244797816218
bkp69t,18t,10.182076085626631
bkp69t,17t,3.618348738215367
bkp69t,08t,1.3861803966028259
bkp69t,22t,26.065601217083522
bkp69t,13t,19.72607209628333
bkp69t,20t,40.966461029231375
bkp69t,81t,55.79806271989477
bkp69t,o10,15.03274659179877
bkp69t,bkp98t,22.467647224969962
bkp69t,bkp97t,23.648887342721142
bkp69t,bkp99t,18.129661330107915
bkp69t,bkp95t,14.767326823844604
bkp69t,bkp93t,11.604028666190883
bkp69t,27t,33.63758670173947
bkp69t,16t,6.412446174712902
bkp69t,bkp96t,15.499093948026292
bkp69t,bkp92t,11.068123699481887
bkp69t,bkp91t,6.178302022739564
bkp69t,bkp89t,22.29877781250528
bkp69t,bkp87t,22.14122275495845
bkp69t,bkp85t,11.848863027045748
bkp69t,19t,26.873526636504476
bkp69t,o63,6.383027013730867
bkp69t,bkp90t,19.366849018824986
bkp69t,bkp88t,11.253045133613961
bkp69t,bkp86t,17.44151154754018
bkp69t,bkp94t,5.255156535036456
bkp69t,bkp84t,9.84992253323981
bkp69t,bkp83t,8.319543053689603
bkp69t,bkp63t,11.780878638501907
bkp70t,02t,10.394025659821391
bkp70t,03t,21.481144044308373
bkp70t,11t,5.2890339377049065
bkp70t,12t,4.989022527552005
bkp70t,50t,5.439092341618163
bkp70t,52t,10.813130330922737
bkp70t,53t,7.196758573360702
bkp70t,54t,5.088275443347886
bkp70t,59t,7.5948470701905215
bkp70t,61t,5.1294286274193155
bkp70t,bkp100t,10.83804122325432
bkp70t,bkp101t,19.176821361237423
bkp70t,bkp102t,12.533298089300375
bkp70t,bkp103t,11.237314497088626
bkp70t,bkp104t,19.52988602899892
bkp70t,bkp105t,18.08341660480418
bkp70t,bkp112t,9.994221987975953
bkp70t,bkp114t,4.831325244883575
bkp70t,bkp116t,9.151065555858368
bkp70t,bkp117t,9.64591540257283
bkp70t,bkp118t,16.154782370664748
bkp70t,bkp119t,2.0958182906884613
bkp70t,bkp121t,13.50112895211014
bkp70t,bkp120t,22.109154924711827
bkp70t,bkp122t,3.0136149285663314
bkp70t,bkp123t,9.356665119294302
bkp70t,bkp124t,13.560349514492612
bkp70t,bkp126t,22.35440330077462
bkp70t,bkp125t,11.373291248586511
bkp70t,bkp128t,21.071280103717736
bkp70t,bkp127t,25.32752658595784
bkp70t,bkp129t,32.480462924319575
bkp70t,bkp130t,16.763959186552672
bkp70t,bkp131t,8.953907212654721
bkp70t,bkp133t,10.760543332449906
bkp70t,bkp56t,5.624739208126901
bkp70t,bkp57t,3.583051152107461
bkp70t,bkp58t,10.27012645391345
bkp70t,bkp59t,6.448444832910329
bkp70t,bkp60t,8.771273274816783
bkp70t,bkp62t,7.9593161642952905
bkp70t,bkp61t,8.292346857039806
bkp70t,bkp64t,4.257182509805351
bkp70t,bkp66t,5.24161971751355
bkp70t,bkp67t,6.970891185158055
bkp70t,bkp69t,7.337233179759029
bkp70t,bkp70t,0.0
bkp70t,bkp65t,6.277491926783405
bkp70t,bkp71t,7.0187100554930435
bkp70t,bkp72t,8.726483743878632
bkp70t,bkp74t,19.93653819744002
bkp70t,bkp73t,13.120863042677843
bkp70t,bkp80t,32.88156663724612
bkp70t,bkp79t,32.550406200189244
bkp70t,bkp81t,7.824402951605329
bkp70t,bkp78t,21.36133333882367
bkp70t,bkp77t,13.405243392615068
bkp70t,bkp82t,11.27321415683245
bkp70t,bkp76t,7.6495884861725285
bkp70t,bkp75t,19.946556522105237
bkp70t,o26,52.64381207676127
bkp70t,14t,28.78920938214736
bkp70t,18t,14.661268494476094
bkp70t,17t,10.940642191561032
bkp70t,08t,8.664634347577898
bkp70t,22t,20.754044632383277
bkp70t,13t,15.057521028805603
bkp70t,20t,34.46029483702468
bkp70t,81t,58.442710136914776
bkp70t,o10,8.01565155364536
bkp70t,bkp98t,15.890401256275233
bkp70t,bkp97t,17.437059803656624
bkp70t,bkp99t,11.530470913886868
bkp70t,bkp95t,10.235899444644115
bkp70t,bkp93t,5.145533715709361
bkp70t,27t,40.178640371254865
bkp70t,16t,12.537983325883914
bkp70t,bkp96t,8.394207290034199
bkp70t,bkp92t,10.19485185643257
bkp70t,bkp91t,13.149170727821163
bkp70t,bkp89t,26.77694666421535
bkp70t,bkp87t,25.07274611671439
bkp70t,bkp85t,12.146979703927805
bkp70t,19t,27.053464065943885
bkp70t,o63,7.305540437176244
bkp70t,bkp90t,25.3140880043532
bkp70t,bkp88t,14.413495026729132
bkp70t,bkp86t,18.171954979497258
bkp70t,bkp94t,2.5421349737673506
bkp70t,bkp84t,12.213500239632788
bkp70t,bkp83t,9.563870805945033
bkp70t,bkp63t,8.132190486954638
bkp65t,02t,4.1269181699855455
bkp65t,03t,16.355371153243066
bkp65t,11t,6.706174531447672
bkp65t,12t,3.5697806970012183
bkp65t,50t,0.8449471354635588
bkp65t,52t,4.588755325559767
bkp65t,53t,9.797653930395528
bkp65t,54t,4.388896244199006
bkp65t,59t,5.310209454345163
bkp65t,61t,10.080815169639315
bkp65t,bkp100t,16.298363266178587
bkp65t,bkp101t,23.608594286464157
bkp65t,bkp102t,7.864784544402294
bkp65t,bkp103t,7.14553157620405
bkp65t,bkp104t,13.536694310287825
bkp65t,bkp105t,12.916500818518498
bkp65t,bkp112t,5.3286861053036
bkp65t,bkp114t,1.4621994740655788
bkp65t,bkp116t,8.701999765814486
bkp65t,bkp117t,15.520274248276644
bkp65t,bkp118t,22.262996361348666
bkp65t,bkp119t,4.188193351767072
bkp65t,bkp121t,9.931253889463818
bkp65t,bkp120t,22.124400195391807
bkp65t,bkp122t,3.3005212100944905
bkp65t,bkp123t,8.538409695846726
bkp65t,bkp124t,7.761015175005245
bkp65t,bkp126t,16.40125898022225
bkp65t,bkp125t,16.849677038931283
bkp65t,bkp128t,27.34877012647579
bkp65t,bkp127t,19.05024355832068
bkp65t,bkp129t,38.137930078646946
bkp65t,bkp130t,18.867068692429278
bkp65t,bkp131t,5.49942766999729
bkp65t,bkp133t,5.349513098157123
bkp65t,bkp56t,4.817933595795211
bkp65t,bkp57t,8.684133477652551
bkp65t,bkp58t,6.2597204055989355
bkp65t,bkp59t,2.8866901445097337
bkp65t,bkp60t,4.889888320545467
bkp65t,bkp62t,1.7016639112008982
bkp65t,bkp61t,3.0107011736301885
bkp65t,bkp64t,9.024151854604762
bkp65t,bkp66t,1.2595379068178632
bkp65t,bkp67t,2.870638701254133
bkp65t,bkp69t,6.615269521781709
bkp65t,bkp70t,6.277491926783405
bkp65t,bkp65t,0.0
bkp65t,bkp71t,13.29341627961805
bkp65t,bkp72t,13.659812372021912
bkp65t,bkp74t,20.86214822739994
bkp65t,bkp73t,13.575707388997735
bkp65t,bkp80t,38.54088218890305
bkp65t,bkp79t,31.714497755673566
bkp65t,bkp81t,13.677745882440481
bkp65t,bkp78t,27.6386854097507
bkp65t,bkp77t,18.879056048726437
bkp65t,bkp82t,5.637925270713139
bkp65t,bkp76t,13.34043467914502
bkp65t,bkp75t,22.92960454118472
bkp65t,o26,47.27511909834007
bkp65t,14t,22.607520536399825
bkp65t,18t,16.674035906248527
bkp65t,17t,9.466817899395588
bkp65t,08t,7.79224469642005
bkp65t,22t,19.767735555759792
bkp65t,13t,13.309088388707389
bkp65t,20t,35.26960305401658
bkp65t,81t,52.233033454544646
bkp65t,o10,13.67639798657449
bkp65t,bkp98t,17.168471946126633
bkp65t,bkp97t,17.94669878451194
bkp65t,bkp99t,17.437962340941986
bkp65t,bkp95t,8.483238612553038
bkp65t,bkp93t,7.2816787989542595
bkp65t,27t,35.084192138329534
bkp65t,16t,13.017289823489456
bkp65t,bkp96t,11.53615717990755
bkp65t,bkp92t,4.71309156938136
bkp65t,bkp91t,9.80348643494242
bkp65t,bkp89t,20.667473230805363
bkp65t,bkp87t,18.79650035899748
bkp65t,bkp85t,6.168855673144851
bkp65t,19t,32.01410888004401
bkp65t,o63,11.087775580795428
bkp65t,bkp90t,19.916684682887194
bkp65t,bkp88t,8.222204793057246
bkp65t,bkp86t,12.219630622293245
bkp65t,bkp94t,6.620621292117521
bkp65t,bkp84t,5.96379470568333
bkp65t,bkp83t,3.2867031252036076
bkp65t,bkp63t,5.398719347806169
bkp71t,02t,17.412687822116386
bkp71t,03t,27.885139515807918
bkp71t,11t,9.970153209573889
bkp71t,12t,11.548847771591243
bkp71t,50t,12.456989230417944
bkp71t,52t,17.827810188308625
bkp71t,53t,9.568951423628388
bkp71t,54t,11.160203203482737
bkp71t,59t,13.449242127206281
bkp71t,61t,5.745636404686863
bkp71t,bkp100t,6.43978664887942
bkp71t,bkp101t,15.510815366687696
bkp71t,bkp102t,18.986447154739224
bkp71t,bkp103t,17.315362088237194
bkp71t,bkp104t,26.43612025746617
bkp71t,bkp105t,24.580308272341455
bkp71t,bkp112t,16.60493632927472
bkp71t,bkp114t,11.850030708391808
bkp71t,bkp116t,13.460574833345294
bkp71t,bkp117t,4.863030930829128
bkp71t,bkp118t,9.465476212939972
bkp71t,bkp119t,9.114086153098677
bkp71t,bkp121t,19.34832455878214
bkp71t,bkp120t,23.848442553254895
bkp71t,bkp122t,10.026888678409293
bkp71t,bkp123t,13.871185664122644
bkp71t,bkp124t,20.323816029476745
bkp71t,bkp126t,29.227367928131457
bkp71t,bkp125t,6.789890457252419
bkp71t,bkp128t,14.061800338446291
bkp71t,bkp127t,32.3398850592643
bkp71t,bkp129t,26.32823936145368
bkp71t,bkp130t,16.765842700244207
bkp71t,bkp131t,15.243437456872154
bkp71t,bkp133t,17.444005008508793
bkp71t,bkp56t,11.487113269510424
bkp71t,bkp57t,6.163191711438469
bkp71t,bkp58t,16.619322243819294
bkp71t,bkp59t,13.052769291358754
bkp71t,bkp60t,15.056954984885353
bkp71t,bkp62t,14.966780365369154
bkp71t,bkp61t,15.075743356822716
bkp71t,bkp64t,6.204022415877807
bkp71t,bkp66t,12.24974783018684
bkp71t,bkp67t,13.733509301838428
bkp71t,bkp69t,12.725352131631423
bkp71t,bkp70t,7.0187100554930435
bkp71t,bkp65t,13.29341627961805
bkp71t,bkp71t,0.0
bkp71t,bkp72t,7.06289693454998
bkp71t,bkp74t,20.906728195295663
bkp71t,bkp73t,15.634283800184082
bkp71t,bkp80t,26.722196745817676
bkp71t,bkp79t,34.56280480035989
bkp71t,bkp81t,4.0052978460405795
bkp71t,bkp78t,14.348456303412972
bkp71t,bkp77t,8.432490473642506
bkp71t,bkp82t,18.13348497745463
bkp71t,bkp76t,3.9907234311526687
bkp71t,bkp75t,18.371963954330063
bkp71t,o26,58.981308774587795
bkp71t,14t,35.77139770269395
bkp71t,18t,15.689037612909118
bkp71t,17t,15.874935751030423
bkp71t,08t,13.738048085826225
bkp71t,22t,23.606963447739115
bkp71t,13t,19.17749629250849
bkp71t,20t,34.611248303183636
bkp71t,81t,65.36006661338544
bkp71t,o10,4.216255681068514
bkp71t,bkp98t,17.01311473889343
bkp71t,bkp97t,19.162587008240127
bkp71t,bkp99t,5.684050310754974
bkp71t,bkp95t,15.160404502849678
bkp71t,bkp93t,9.33831525782297
bkp71t,27t,46.35247081249809
bkp71t,16t,15.617589778613837
bkp71t,bkp96t,9.438264819929934
bkp71t,bkp92t,16.92981587565666
bkp71t,bkp91t,18.90365066096895
bkp71t,bkp89t,33.72258809984666
bkp71t,bkp87t,32.08215207616722
bkp71t,bkp85t,19.01693224146779
bkp71t,19t,22.543179180312823
bkp71t,o63,8.538700159158926
bkp71t,bkp90t,31.83384788813894
bkp71t,bkp88t,21.41558919984881
bkp71t,bkp86t,24.957517648914585
bkp71t,bkp94t,7.711024256751331
bkp71t,bkp84t,19.23085305337934
bkp71t,bkp83t,16.58009496166628
bkp71t,bkp63t,14.058157167608975
bkp72t,02t,17.22557286113402
bkp72t,03t,24.592402818834035
bkp72t,11t,13.801404046632452
bkp72t,12t,10.481100307951829
bkp72t,50t,12.88301562948419
bkp72t,52t,17.4029486952875
bkp72t,53t,14.802689174101095
bkp72t,54t,13.798919552009712
bkp72t,59t,16.300219657519357
bkp72t,61t,11.255475813310301
bkp72t,bkp100t,13.495322595238367
bkp72t,bkp101t,22.53155946989461
bkp72t,bkp102t,16.382102940058257
bkp72t,bkp103t,19.819000365818198
bkp72t,bkp104t,24.647794695031486
bkp72t,bkp105t,21.644636287629034
bkp72t,bkp112t,14.623565116669619
bkp72t,bkp114t,12.31270054618897
bkp72t,bkp116t,17.702861056511143
bkp72t,bkp117t,3.792550685065312
bkp72t,bkp118t,14.806558390400829
bkp72t,bkp119t,10.12013338383724
bkp72t,bkp121t,15.683140993970124
bkp72t,bkp120t,29.846018601196416
bkp72t,bkp122t,10.705530543692968
bkp72t,bkp123t,17.966650153281236
bkp72t,bkp124t,21.419975178234697
bkp72t,bkp126t,27.179153653949303
bkp72t,bkp125t,13.823301357130168
bkp72t,bkp128t,16.777150729755753
bkp72t,bkp127t,31.726942864571985
bkp72t,bkp129t,31.766098970780032
bkp72t,bkp130t,23.339278489579375
bkp72t,bkp131t,12.830295667433159
bkp72t,bkp133t,18.867814885563128
bkp72t,bkp56t,14.348657329269912
bkp72t,bkp57t,5.224700732411397
bkp72t,bkp58t,14.097111082700206
bkp72t,bkp59t,14.866640110167703
bkp72t,bkp60t,17.313275940990525
bkp72t,bkp62t,15.276785372134128
bkp72t,bkp61t,16.370323794512355
bkp72t,bkp64t,11.105249324468582
bkp72t,bkp66t,12.401250381996007
bkp72t,bkp67t,12.589585405246437
bkp72t,bkp69t,9.609527810664085
bkp72t,bkp70t,8.726483743878632
bkp72t,bkp65t,13.659812372021912
bkp72t,bkp71t,7.06289693454998
bkp72t,bkp72t,0.0
bkp72t,bkp74t,27.203073619319824
bkp72t,bkp73t,21.090878328557295
bkp72t,bkp80t,32.14214599025722
bkp72t,bkp79t,40.50628309017437
bkp72t,bkp81t,3.175535089735083
bkp72t,bkp78t,17.11458345639086
bkp72t,bkp77t,15.33298880032406
bkp72t,bkp82t,16.693526952785035
bkp72t,bkp76t,10.89485193983485
bkp72t,bkp75t,25.341805636592383
bkp72t,o26,54.98309243592919
bkp72t,14t,34.173796352970236
bkp72t,18t,8.750757366227619
bkp72t,17t,11.535436253445228
bkp72t,08t,9.979568353693184
bkp72t,22t,29.001551873838558
bkp72t,13t,23.656235258026246
bkp72t,20t,41.302162186800125
bkp72t,81t,65.22453164510127
bkp72t,o10,11.174974637653916
bkp72t,bkp98t,23.178035004065027
bkp72t,bkp97t,25.101021551819045
bkp72t,bkp99t,12.407176760399933
bkp72t,bkp95t,18.934575757339676
bkp72t,bkp93t,13.461935431830405
bkp72t,27t,42.19478832680569
bkp72t,16t,9.681094940531576
bkp72t,bkp96t,15.313229738470785
bkp72t,bkp92t,18.24918617760357
bkp72t,bkp91t,15.15470129287754
bkp72t,bkp89t,31.907809863504472
bkp72t,bkp87t,31.53103742946824
bkp72t,bkp85t,19.818730891864057
bkp72t,19t,18.448384171856468
bkp72t,o63,3.265364397024866
bkp72t,bkp90t,28.644903425901177
bkp72t,bkp88t,20.53923424533472
bkp72t,bkp86t,25.839652872963825
bkp72t,bkp94t,7.123114845052272
bkp72t,bkp84t,18.77687535720368
bkp72t,bkp83t,16.58549434639283
bkp72t,bkp63t,16.817447191191555
bkp74t,02t,22.755019386042775
bkp74t,03t,35.82553713842398
bkp74t,11t,15.048476281963795
bkp74t,12t,23.114092732134637
bkp74t,50t,20.72491327207765
bkp74t,52t,23.408701308514544
bkp74t,53t,12.759790460935735
bkp74t,54t,16.78485366792352
bkp74t,59t,15.631368699985165
bkp74t,61t,15.960579203269974
bkp74t,bkp100t,16.04777441009117
bkp74t,bkp101t,13.068268857635475
bkp74t,bkp102t,28.467676720232788
bkp74t,bkp103t,16.12851178170407
bkp74t,bkp104t,31.08859985544231
bkp74t,bkp105t,32.61939607787984
bkp74t,bkp112t,26.105177334122185
bkp74t,bkp114t,20.666288431373754
bkp74t,bkp116t,12.16058525756137
bkp74t,bkp117t,25.76962180408242
bkp74t,bkp118t,22.09577651036502
bkp74t,bkp119t,20.166545915737604
bkp74t,bkp121t,30.779763676304363
bkp74t,bkp120t,3.543423403041164
bkp74t,bkp122t,20.476608723097566
bkp74t,bkp123t,12.355122799668418
bkp74t,bkp124t,20.553458478554713
bkp74t,bkp126t,33.6668629229425
bkp74t,bkp125t,16.15764993617102
bkp74t,bkp128t,29.11569586308883
bkp74t,bkp127t,32.01832054491854
bkp74t,bkp129t,29.19394193277169
bkp74t,bkp130t,4.518048504228955
bkp74t,bkp131t,26.315180916229313
bkp74t,bkp133t,18.991207138809553
bkp74t,bkp56t,16.2208137780371
bkp74t,bkp57t,23.09210757800261
bkp74t,bkp58t,27.115834890924997
bkp74t,bkp59t,18.002991814368848
bkp74t,bkp60t,16.803557060014963
bkp74t,bkp62t,21.144829702608636
bkp74t,bkp61t,19.049482201090015
bkp74t,bkp64t,16.256299525595296
bkp74t,bkp66t,21.204570032708588
bkp74t,bkp67t,23.639273475229963
bkp74t,bkp69t,26.40143155277545
bkp74t,bkp70t,19.93653819744002
bkp74t,bkp65t,20.86214822739994
bkp74t,bkp71t,20.906728195295663
bkp74t,bkp72t,27.203073619319824
bkp74t,bkp74t,0.0
bkp74t,bkp73t,7.287744195571876
bkp74t,bkp80t,29.538050568646167
bkp74t,bkp79t,13.8326593212426
bkp74t,bkp81t,24.670570246976535
bkp74t,bkp78t,29.204360876654988
bkp74t,bkp77t,16.46073085216442
bkp74t,bkp82t,25.684189939522053
bkp74t,bkp76t,17.002988946932362
bkp74t,bkp75t,7.292034594341533
bkp74t,o26,64.70810007735767
bkp74t,14t,37.360822766986466
bkp74t,18t,34.53459382547187
bkp74t,17t,29.86658412728408
bkp74t,08t,27.78051303597574
bkp74t,22t,6.193500882488878
bkp74t,13t,9.62619022899287
bkp74t,20t,14.57355388591598
bkp74t,81t,58.94853117707823
bkp74t,o10,16.867826065292313
bkp74t,bkp98t,4.0630773191823355
bkp74t,bkp97t,3.0229629307497956
bkp74t,bkp99t,18.50578571520081
bkp74t,bkp95t,12.772538929995923
bkp74t,bkp93t,14.920340517029656
bkp74t,27t,53.634118784528255
bkp74t,16t,32.349981308825775
bkp74t,bkp96t,11.913710569539758
bkp74t,bkp92t,19.170681604205786
bkp74t,bkp91t,30.665330453835633
bkp74t,bkp89t,36.373933837664715
bkp74t,bkp87t,31.65909128963651
bkp74t,bkp85t,20.910315652028014
bkp74t,19t,43.0370775761972
bkp74t,o63,26.954668709907118
bkp74t,bkp90t,38.579076099686404
bkp74t,bkp88t,25.94368785721494
bkp74t,bkp86t,23.125062308897633
bkp74t,bkp94t,22.473084076333485
bkp74t,bkp84t,23.987660431047473
bkp74t,bkp83t,22.10659766116916
bkp74t,bkp63t,15.712532538226855
bkp73t,02t,15.646763568332558
bkp73t,03t,28.837537381974936
bkp73t,11t,7.970506167698497
bkp73t,12t,15.891673555023848
bkp73t,50t,13.440636875817436
bkp73t,52t,16.306761490406007
bkp73t,53t,6.2944557374845935
bkp73t,54t,9.530024483904336
bkp73t,59t,8.373236779199692
bkp73t,61t,10.03426349661047
bkp73t,bkp100t,12.5978257281415
bkp73t,bkp101t,14.283077175761889
bkp73t,bkp102t,21.226363303697287
bkp73t,bkp103t,9.44613200673302
bkp73t,bkp104t,24.420889100882885
bkp73t,bkp105t,25.55812716415543
bkp73t,bkp112t,18.833295291561512
bkp73t,bkp114t,13.395275266045736
bkp73t,bkp116t,4.876747227673865
bkp73t,bkp117t,20.344466920385514
bkp73t,bkp118t,19.686373562256755
bkp73t,bkp119t,13.07506315756566
bkp73t,bkp121t,23.498133145787012
bkp73t,bkp120t,8.99942728780487
bkp73t,bkp122t,13.304664017604248
bkp73t,bkp123t,5.100123755790515
bkp73t,bkp124t,14.096129349980677
bkp73t,bkp126t,27.119088110195936
bkp73t,bkp125t,12.934330384912005
bkp73t,bkp128t,26.611177652948523
bkp73t,bkp127t,26.438679108457077
bkp73t,bkp129t,30.940171343041076
bkp73t,bkp130t,6.152704065254935
bkp73t,bkp131t,19.02859617435634
bkp73t,bkp133t,12.117387394460645
bkp73t,bkp56t,8.953070609583675
bkp73t,bkp57t,16.507400023465618
bkp73t,bkp58t,19.831671704758126
bkp73t,bkp59t,10.723081731001436
bkp73t,bkp60t,9.680926581182431
bkp73t,bkp62t,13.907319481336039
bkp73t,bkp61t,11.870089252588691
bkp73t,bkp64t,10.000410618271179
bkp73t,bkp66t,13.92679316588773
bkp73t,bkp67t,16.35313698051994
bkp73t,bkp69t,19.210516793262517
bkp73t,bkp70t,13.120863042677843
bkp73t,bkp65t,13.575707388997735
bkp73t,bkp71t,15.634283800184082
bkp73t,bkp72t,21.090878328557295
bkp73t,bkp74t,7.287744195571876
bkp73t,bkp73t,0.0
bkp73t,bkp80t,31.323606053690852
bkp73t,bkp79t,19.4739700165023
bkp73t,bkp81t,18.95898459727168
bkp73t,bkp78t,26.777568522328522
bkp73t,bkp77t,14.097800134951962
bkp73t,bkp82t,18.497917926549665
bkp73t,bkp76t,12.205042481641664
bkp73t,bkp75t,10.85018761375327
bkp73t,o26,58.42147440091189
bkp73t,14t,31.5010465153278
bkp73t,18t,27.777300399110935
bkp73t,17t,22.628779901693015
bkp73t,08t,20.580900717602336
bkp73t,22t,7.9903277726051805
bkp73t,13t,4.929602481863827
bkp73t,20t,21.78126217616704
bkp73t,81t,55.91713057632718
bkp73t,o10,12.211261927561022
bkp73t,bkp98t,3.800921237801283
bkp73t,bkp97t,4.438706509506575
bkp73t,bkp99t,15.063168470600377
bkp73t,bkp95t,5.729420446652297
bkp73t,bkp93t,7.980261250384853
bkp73t,27t,46.98156379069292
bkp73t,16t,25.28988839514209
bkp73t,bkp96t,6.2245197141312625
bkp73t,bkp92t,12.203614555644409
bkp73t,bkp91t,23.37918854745031
bkp73t,bkp89t,30.250710569214622
bkp73t,bkp87t,26.090732296811176
bkp73t,bkp85t,14.151303610054963
bkp73t,19t,38.1774193695373
bkp73t,o63,20.359598654700115
bkp73t,bkp90t,31.793778465995782
bkp73t,bkp88t,19.08585142784677
bkp73t,bkp86t,17.433615893239867
bkp73t,bkp94t,15.606756308427126
bkp73t,bkp84t,17.004177893399522
bkp73t,bkp83t,14.952013132460502
bkp73t,bkp63t,8.499059080102484
bkp80t,02t,42.478694130619
bkp80t,03t,54.353331335532694
bkp80t,11t,32.55160363030674
bkp80t,12t,37.84104800519392
bkp80t,50t,37.812869612477954
bkp80t,52t,43.038948941852524
bkp80t,53t,29.825305693562548
bkp80t,54t,34.807349976350494
bkp80t,59t,36.001097167965526
bkp80t,61t,28.464412742027474
bkp80t,bkp100t,22.242519412294254
bkp80t,bkp101t,17.0965871382635
bkp80t,bkp102t,45.40019409600584
bkp80t,bkp103t,39.195988790836424
bkp80t,bkp104t,52.06696044080404
bkp80t,bkp105t,50.96443419354376
bkp80t,bkp112t,42.87578825005239
bkp80t,bkp114t,37.29491373437947
bkp80t,bkp116t,33.58322992108587
bkp80t,bkp117t,28.366217914017657
bkp80t,bkp118t,17.430943687480024
bkp80t,bkp119t,34.803477751648224
bkp80t,bkp121t,46.03166284671177
bkp80t,bkp120t,32.79135314962697
bkp80t,bkp122t,35.70346454752328
bkp80t,bkp123t,34.10507742907375
bkp80t,bkp124t,43.585875581353285
bkp80t,bkp126t,54.93626772229368
bkp80t,bkp125t,21.691206510278093
bkp80t,bkp128t,17.35755959876622
bkp80t,bkp127t,56.470789471425405
bkp80t,bkp129t,0.4030439149009095
bkp80t,bkp130t,26.25023883990143
bkp80t,bkp131t,41.739652654244956
bkp80t,bkp133t,40.82994003193349
bkp80t,bkp56t,34.739508064923825
bkp80t,bkp57t,32.88390024624975
bkp80t,bkp58t,43.09286701733904
bkp80t,bkp59t,37.033698832322656
bkp80t,bkp60t,37.93629059503422
bkp80t,bkp62t,39.97231545934778
bkp80t,bkp61t,39.12129710180615
bkp80t,bkp64t,29.520329731049507
bkp80t,bkp66t,37.82872962344005
bkp80t,bkp67t,39.84107656363904
bkp80t,bkp69t,39.42831487364178
bkp80t,bkp70t,32.88156663724612
bkp80t,bkp65t,38.54088218890305
bkp80t,bkp71t,26.722196745817676
bkp80t,bkp72t,32.14214599025722
bkp80t,bkp74t,29.538050568646167
bkp80t,bkp73t,31.323606053690852
bkp80t,bkp80t,0.0
bkp80t,bkp79t,39.94998793755407
bkp80t,bkp81t,29.268703850300074
bkp80t,bkp78t,17.064682860159877
bkp80t,bkp77t,19.664595817170888
bkp80t,bkp82t,44.0259507931978
bkp80t,bkp76t,25.280054477000395
bkp80t,bkp75t,22.24826479599433
bkp80t,o26,85.518602507567
bkp80t,14t,60.82483302427139
bkp80t,18t,40.42581879837912
bkp80t,17t,42.580038155746045
bkp80t,08t,40.46014040759669
bkp80t,22t,35.64726377372987
bkp80t,13t,36.20640598558081
bkp80t,20t,33.612392651407085
bkp80t,81t,87.24005103051638
bkp80t,o10,24.9264824231203
bkp80t,bkp98t,28.833462086589137
bkp80t,bkp97t,30.820610566000187
bkp80t,bkp99t,21.38247238262283
bkp80t,bkp95t,35.49018426588604
bkp80t,bkp93t,31.81125588509153
bkp80t,27t,72.98761948952253
bkp80t,16t,41.76501854775637
bkp80t,bkp96t,28.144828944163088
bkp80t,bkp92t,40.5506698835405
bkp80t,bkp91t,45.60145569223699
bkp80t,bkp89t,59.064398834436005
bkp80t,bkp87t,56.154463160203996
bkp80t,bkp85t,42.86172555592779
bkp80t,19t,34.54405502606413
bkp80t,o63,34.74725848391528
bkp80t,bkp90t,58.19322325507188
bkp80t,bkp88t,46.64010636265605
bkp80t,bkp86t,47.809138840609435
bkp80t,bkp94t,34.28106840311238
bkp80t,bkp84t,44.308721071840466
bkp80t,bkp83t,41.59545095523588
bkp80t,bkp63t,36.53515744039264
bkp79t,02t,32.20762151819652
bkp79t,03t,43.90831367239088
bkp79t,11t,27.30255681336756
bkp79t,12t,34.68597349957457
bkp79t,50t,31.85327458894492
bkp79t,52t,32.77923072726122
bkp79t,53t,25.718492049950935
bkp79t,54t,28.414754502304973
bkp79t,59t,26.5133159461267
bkp79t,61t,29.29751364787459
bkp79t,bkp100t,29.878079632016462
bkp79t,bkp101t,25.58833806450156
bkp79t,bkp102t,38.324264149893324
bkp79t,bkp103t,25.20071873106108
bkp79t,bkp104t,38.29315562312332
bkp79t,bkp105t,41.19632206015593
bkp79t,bkp112t,36.39752747639624
bkp79t,bkp114t,31.988420169459616
bkp79t,bkp116t,23.6408376734999
bkp79t,bkp117t,39.40845206599032
bkp79t,bkp118t,35.69506528839851
bkp79t,bkp119t,32.27144187961214
bkp79t,bkp121t,41.0482847623579
bkp79t,bkp120t,10.71599337251426
bkp79t,bkp122t,32.33720080834805
bkp79t,bkp123t,23.592750640891527
bkp79t,bkp124t,28.346543810594316
bkp79t,bkp126t,40.30684736028157
bkp79t,bkp125t,29.977457219504515
bkp79t,bkp128t,42.629803484613376
bkp79t,bkp127t,36.24811132434253
bkp79t,bkp129t,39.67314309713286
bkp79t,bkp130t,18.307259059803528
bkp79t,bkp131t,37.13042505750398
bkp79t,bkp133t,28.060033106443647
bkp79t,bkp56t,27.79116300330417
bkp79t,bkp57t,35.97812888159828
bkp79t,bkp58t,37.58941044055538
bkp79t,bkp59t,28.895315231856532
bkp79t,bkp60t,26.925974896097536
bkp79t,bkp62t,31.406892727057915
bkp79t,bkp61t,29.15778964119766
bkp79t,bkp64t,29.403021985098277
bkp79t,bkp66t,32.42333372167964
bkp79t,bkp67t,34.58004540697965
bkp79t,bkp69t,38.042116451261435
bkp79t,bkp70t,32.550406200189244
bkp79t,bkp65t,31.714497755673566
bkp79t,bkp71t,34.56280480035989
bkp79t,bkp72t,40.50628309017437
bkp79t,bkp74t,13.8326593212426
bkp79t,bkp73t,19.4739700165023
bkp79t,bkp80t,39.94998793755407
bkp79t,bkp79t,0.0
bkp79t,bkp81t,38.1893254933519
bkp79t,bkp78t,42.68999167956142
bkp79t,bkp77t,30.168153285069856
bkp79t,bkp82t,35.30908915828559
bkp79t,bkp76t,30.735472853389876
bkp79t,bkp75t,19.472030133486076
bkp79t,o26,69.19853430300944
bkp79t,14t,41.80603748173316
bkp79t,18t,47.1601514139184
bkp79t,17t,41.174693337413736
bkp79t,08t,39.35156927779658
bkp79t,22t,11.97651528806479
bkp79t,13t,18.412613324668644
bkp79t,20t,9.191353349684878
bkp79t,81t,55.70497389825481
bkp79t,o10,30.624294773439306
bkp79t,bkp98t,17.55666284538421
bkp79t,bkp97t,15.437115780812501
bkp79t,bkp99t,32.32576083180198
bkp79t,bkp95t,23.286701999608148
bkp79t,bkp93t,27.407528530952735
bkp79t,27t,59.69199640497846
bkp79t,16t,44.35628879022375
bkp79t,bkp96t,25.266501269942953
bkp79t,bkp92t,28.486922241743514
bkp79t,bkp91t,41.07544162145588
bkp79t,bkp89t,41.593259129500716
bkp79t,bkp87t,35.90057694073191
bkp79t,bkp85t,29.40638991109448
bkp79t,19t,56.84910991672908
bkp79t,o63,39.82296511805803
bkp79t,bkp90t,45.71896986661763
bkp79t,bkp88t,34.189973348650135
bkp79t,bkp86t,28.81041465576809
bkp79t,bkp94t,34.99138827773834
bkp79t,bkp84t,32.84380990329452
bkp79t,bkp83t,31.823434755067307
bkp79t,bkp63t,26.332477439403085
bkp81t,02t,17.59291484993642
bkp81t,03t,26.430868674271714
bkp81t,11t,12.278969554760925
bkp81t,12t,11.027494925229677
bkp81t,50t,12.844181725761024
bkp81t,52t,17.881450630516763
bkp81t,53t,12.69491886489357
bkp81t,54t,12.799411117703348
bkp81t,59t,15.280429412471609
bkp81t,61t,8.932577913236326
bkp81t,bkp100t,10.381267011751401
bkp81t,bkp101t,19.37977595430551
bkp81t,bkp102t,17.82640580164576
bkp81t,bkp103t,19.02416872888543
bkp81t,bkp104t,25.833214340592427
bkp81t,bkp105t,23.304438051841725
bkp81t,bkp112t,15.748092819486999
bkp81t,bkp114t,12.232765266341037
bkp81t,bkp116t,16.091086257862244
bkp81t,bkp117t,1.8441921393609322
bkp81t,bkp118t,11.853246412732657
bkp81t,bkp119t,9.665124046243188
bkp81t,bkp121t,17.59227099114865
bkp81t,bkp120t,27.481105262874017
bkp81t,bkp122t,10.441314129675451
bkp81t,bkp123t,16.425301175107027
bkp81t,bkp124t,21.282540632887006
bkp81t,bkp126t,28.498445626728774
bkp81t,bkp125t,10.688078516948872
bkp81t,bkp128t,14.65916666105582
bkp81t,bkp127t,32.44740535801335
bkp81t,bkp129t,28.88662359427163
bkp81t,bkp130t,20.641374736478067
bkp81t,bkp131t,14.106671163427523
bkp81t,bkp133t,18.54196246917985
bkp81t,bkp56t,13.269403802033347
bkp81t,bkp57t,5.081521668216502
bkp81t,bkp58t,15.457326736500422
bkp81t,bkp59t,14.270303974615551
bkp81t,bkp60t,16.582475310473335
bkp81t,bkp62t,15.37141152575781
bkp81t,bkp61t,16.04902444136482
bkp81t,bkp64t,9.023220006214627
bkp81t,bkp66t,12.46849675044509
bkp81t,bkp67t,13.265741271222145
bkp81t,bkp69t,11.105906576417869
bkp81t,bkp70t,7.824402951605329
bkp81t,bkp65t,13.677745882440481
bkp81t,bkp71t,4.0052978460405795
bkp81t,bkp72t,3.175535089735083
bkp81t,bkp74t,24.670570246976535
bkp81t,bkp73t,18.95898459727168
bkp81t,bkp80t,29.268703850300074
bkp81t,bkp79t,38.1893254933519
bkp81t,bkp81t,0.0
bkp81t,bkp78t,14.985222805922698
bkp81t,bkp77t,12.161624641540785
bkp81t,bkp82t,17.617065554782194
bkp81t,bkp76t,7.959175056080973
bkp81t,bkp75t,22.37580774509062
bkp81t,o26,57.20331899577838
bkp81t,14t,35.33823785852135
bkp81t,18t,11.923538210643416
bkp81t,17t,13.674979211581991
bkp81t,08t,11.802407702068857
bkp81t,22t,26.942805757407204
bkp81t,13t,22.006775004300255
bkp81t,20t,38.54785215744167
bkp81t,81t,65.833528698155
bkp81t,o10,8.206812629007366
bkp81t,bkp98t,20.704524657594753
bkp81t,bkp97t,22.752491068849288
bkp81t,bkp99t,9.231661927892144
bkp81t,bkp95t,17.553584141293342
bkp81t,bkp93t,11.801553513324256
bkp81t,27t,44.458171713714805
bkp81t,16t,12.507521309376832
bkp81t,bkp96t,12.925452190645059
bkp81t,bkp92t,17.958479137290556
bkp81t,bkp91t,17.093101627991235
bkp81t,bkp89t,33.154944597696755
bkp81t,bkp87t,32.223039700809345
bkp81t,bkp85t,19.78915957359477
bkp81t,19t,19.52415229860105
bkp81t,o63,5.498964370434573
bkp81t,bkp90t,30.46400931261181
bkp81t,bkp88t,21.273887907426335
bkp81t,bkp86t,25.849558687175122
bkp81t,bkp94t,7.146006087225605
bkp81t,bkp84t,19.294385292610166
bkp81t,bkp83t,16.851561108617684
bkp81t,bkp63t,15.850685684571161
bkp78t,02t,31.752493484143564
bkp78t,03t,41.41575143785144
bkp78t,11t,23.641363196724484
bkp78t,12t,25.642561828091605
bkp78t,50t,26.80019239770741
bkp78t,52t,32.153222905686924
bkp78t,53t,22.123660893588756
bkp78t,54t,25.252688033316005
bkp78t,59t,27.325829705733163
bkp78t,61t,18.94890329633439
bkp78t,bkp100t,14.19689091446391
bkp78t,bkp101t,17.552018764789757
bkp78t,bkp102t,32.76622263052656
bkp78t,bkp103t,31.152849350335078
bkp78t,bkp104t,40.592099716615394
bkp78t,bkp105t,38.27839729588012
bkp78t,bkp112t,30.57875810398182
bkp78t,bkp114t,26.1906889130843
bkp78t,bkp116t,26.43324936699855
bkp78t,bkp117t,13.48293940242092
bkp78t,bkp118t,7.1732104606207105
bkp78t,bkp119t,23.45407124870044
bkp78t,bkp121t,32.56274555349773
bkp78t,bkp120t,32.70801593112649
bkp78t,bkp122t,24.36033513694485
bkp78t,bkp123t,26.927232747795607
bkp78t,bkp124t,34.550903141428414
bkp78t,bkp126t,43.3262127627486
bkp78t,bkp125t,13.84341533088068
bkp78t,bkp128t,0.3413209015901502
bkp78t,bkp127t,46.68761331308984
bkp78t,bkp129t,16.761986037652445
bkp78t,bkp130t,24.720017100745597
bkp78t,bkp131t,29.02117536094435
bkp78t,bkp133t,31.647936100844746
bkp78t,bkp56t,25.482590935198374
bkp78t,bkp57t,19.781373967731387
bkp78t,bkp58t,30.386749619262993
bkp78t,bkp59t,27.27998190444908
bkp78t,bkp60t,29.089770578972963
bkp78t,bkp62t,29.31497308928416
bkp78t,bkp61t,29.35092616199956
bkp78t,bkp64t,19.795275197806397
bkp78t,bkp66t,26.573965508349342
bkp78t,bkp67t,27.878893143711508
bkp78t,bkp69t,26.086725703833007
bkp78t,bkp70t,21.36133333882367
bkp78t,bkp65t,27.6386854097507
bkp78t,bkp71t,14.348456303412972
bkp78t,bkp72t,17.11458345639086
bkp78t,bkp74t,29.204360876654988
bkp78t,bkp73t,26.777568522328522
bkp78t,bkp80t,17.064682860159877
bkp78t,bkp79t,42.68999167956142
bkp78t,bkp81t,14.985222805922698
bkp78t,bkp78t,0.0
bkp78t,bkp77t,12.89405611772118
bkp78t,bkp82t,32.293725673780465
bkp78t,bkp76t,15.526803814084587
bkp78t,bkp75t,23.387856597732807
bkp78t,o26,72.07980164993971
bkp78t,14t,50.017724599789105
bkp78t,18t,24.401904358935788
bkp78t,17t,28.556985249382983
bkp78t,08t,26.772559387653335
bkp78t,22t,33.92214600735327
bkp78t,13t,31.33023352447811
bkp78t,20t,39.68258469635652
bkp78t,81t,79.63601621592665
bkp78t,o10,15.341413524282132
bkp78t,bkp98t,26.34343161073542
bkp78t,bkp97t,28.76555276011773
bkp78t,bkp99t,11.810323780106934
bkp78t,bkp95t,28.35601119405693
bkp78t,bkp93t,22.910881962411622
bkp78t,27t,59.3002277201224
bkp78t,16t,26.64442052834254
bkp78t,bkp96t,21.09795887914469
bkp78t,bkp92t,31.16637726066348
bkp78t,bkp91t,32.05672105335136
bkp78t,bkp89t,47.91114331292165
bkp78t,bkp87t,46.43051950400265
bkp78t,bkp85t,33.3118201753852
bkp78t,19t,18.19544863446736
bkp78t,o63,20.23079880558577
bkp78t,bkp90t,45.44907920741672
bkp78t,bkp88t,35.71561138846976
bkp78t,bkp86t,39.17454417483812
bkp78t,bkp94t,21.69152845625434
bkp78t,bkp84t,33.56172402346683
bkp78t,bkp83t,30.92519531767472
bkp78t,bkp63t,27.939859009073977
bkp77t,02t,22.820551299595042
bkp77t,03t,34.85192246368278
bkp77t,11t,13.020256420196059
bkp77t,12t,18.39397919911526
bkp77t,50t,18.15908919195234
bkp77t,52t,23.376365452351227
bkp77t,53t,10.570080167112048
bkp77t,54t,15.202002598758245
bkp77t,59t,16.613142283556005
bkp77t,61t,8.800068134849827
bkp77t,bkp100t,2.589332998300916
bkp77t,bkp101t,7.308037122193572
bkp77t,bkp102t,25.921509063851246
bkp77t,bkp103t,20.102526156285126
bkp77t,bkp104t,32.40236538239254
bkp77t,bkp105t,31.43353669786473
bkp77t,bkp112t,23.351323552554227
bkp77t,bkp114t,17.651509817960825
bkp77t,bkp116t,14.725671132790144
bkp77t,bkp117t,12.265571974841126
bkp77t,bkp118t,5.720887005838301
bkp77t,bkp119t,15.229329824401932
bkp77t,bkp121t,26.838810646613286
bkp77t,bkp120t,19.914484021667082
bkp77t,bkp122t,16.11030288189851
bkp77t,bkp123t,15.251960380281078
bkp77t,bkp124t,24.23223852527779
bkp77t,bkp126t,35.271746562064365
bkp77t,bkp125t,2.041659638038362
bkp77t,bkp128t,12.770456336965399
bkp77t,bkp127t,37.045862230180184
bkp77t,bkp129t,19.261570414974848
bkp77t,bkp130t,11.944301031806368
bkp77t,bkp131t,22.35572543958984
bkp77t,bkp133t,21.394273659054292
bkp77t,bkp56t,15.18289755494384
bkp77t,bkp57t,14.134626366086332
bkp77t,bkp58t,23.675237679398517
bkp77t,bkp59t,17.42883827044623
bkp77t,bkp60t,18.540524410728654
bkp77t,bkp62t,20.310367474827668
bkp77t,bkp61t,19.538374369182662
bkp77t,bkp64t,9.856251110239041
bkp77t,bkp66t,18.19517692390542
bkp77t,bkp67t,20.291420074413583
bkp77t,bkp69t,20.388453403221373
bkp77t,bkp70t,13.405243392615068
bkp77t,bkp65t,18.879056048726437
bkp77t,bkp71t,8.432490473642506
bkp77t,bkp72t,15.33298880032406
bkp77t,bkp74t,16.46073085216442
bkp77t,bkp73t,14.097800134951962
bkp77t,bkp80t,19.664595817170888
bkp77t,bkp79t,30.168153285069856
bkp77t,bkp81t,12.161624641540785
bkp77t,bkp78t,12.89405611772118
bkp77t,bkp77t,0.0
bkp77t,bkp82t,24.394799467889918
bkp77t,bkp76t,5.764259356573592
bkp77t,bkp75t,11.580329515032236
bkp77t,o26,65.99183938954643
bkp77t,14t,41.225367147377945
bkp77t,18t,24.058996149246315
bkp77t,17t,23.806877699428828
bkp77t,08t,21.56900475690453
bkp77t,22t,21.029873836475478
bkp77t,13t,18.855902510550887
bkp77t,20t,28.349917492424638
bkp77t,81t,68.81646328084439
bkp77t,o10,5.394577733138915
bkp77t,bkp98t,13.45074552890682
bkp77t,bkp97t,15.87297283837013
bkp77t,bkp99t,3.0019963458609573
bkp77t,bkp95t,16.704031853072276
bkp77t,bkp93t,12.2640801160682
bkp77t,27t,53.575930555864424
bkp77t,16t,23.993343448371572
bkp77t,bkp96t,9.098337712032315
bkp77t,bkp92t,21.06165302724374
bkp77t,bkp91t,26.454691799993636
bkp77t,bkp89t,39.42255571260139
bkp77t,bkp87t,36.74216348758121
bkp77t,bkp85t,23.366033031504507
bkp77t,19t,27.36326521358852
bkp77t,o63,16.955371966032786
bkp77t,bkp90t,38.62362494784795
bkp77t,bkp88t,26.983493106266472
bkp77t,bkp86t,28.644741628161206
bkp77t,bkp94t,15.134141184470995
bkp77t,bkp84t,24.655123488237198
bkp77t,bkp83t,21.93727595001643
bkp77t,bkp63t,17.183809130375312
bkp82t,02t,3.1019347318762045
bkp82t,03t,10.732014407859022
bkp82t,11t,12.296659147154982
bkp82t,12t,6.652545632927512
bkp82t,50t,6.268701617728582
bkp82t,52t,2.5469582927077123
bkp82t,53t,15.388157425034668
bkp82t,54t,9.934954645634615
bkp82t,59t,10.166284614658043
bkp82t,61t,15.627733039730082
bkp82t,bkp100t,21.806136496770602
bkp82t,bkp101t,29.2448415762544
bkp82t,bkp102t,3.02796012485109
bkp82t,bkp103t,10.137920401792986
bkp82t,bkp104t,8.30776603837416
bkp82t,bkp105t,7.303094261580243
bkp82t,bkp112t,2.2530975299662632
bkp82t,bkp114t,6.747068211484072
bkp82t,bkp116t,13.690911301235996
bkp82t,bkp117t,19.38364088485489
bkp82t,bkp118t,27.423226043032287
bkp82t,bkp119t,9.255506330496923
bkp82t,bkp121t,5.8989818553496125
bkp82t,bkp120t,26.479678108718304
bkp82t,bkp122t,8.340445466982034
bkp82t,bkp123t,13.406371929959434
bkp82t,bkp124t,7.698129906597249
bkp82t,bkp126t,11.096790013328649
bkp82t,bkp125t,22.355840580818903
bkp82t,bkp128t,31.986158715470204
bkp82t,bkp127t,15.044255180917157
bkp82t,bkp129t,43.623475646034244
bkp82t,bkp130t,24.148786810728296
bkp82t,bkp131t,4.118581837714422
bkp82t,bkp133t,7.249149033512579
bkp82t,bkp56t,10.276195775025798
bkp82t,bkp57t,12.580682512120472
bkp82t,bkp58t,3.347741184635108
bkp82t,bkp59t,8.010500350814334
bkp82t,bkp60t,8.889880636323378
bkp82t,bkp62t,4.666191819698787
bkp82t,bkp61t,6.63587602677177
bkp82t,bkp64t,14.574329622685093
bkp82t,bkp66t,6.19987827555332
bkp82t,bkp67t,4.416022921761544
bkp82t,bkp69t,7.316423329200241
bkp82t,bkp70t,11.27321415683245
bkp82t,bkp65t,5.637925270713139
bkp82t,bkp71t,18.13348497745463
bkp82t,bkp72t,16.693526952785035
bkp82t,bkp74t,25.684189939522053
bkp82t,bkp73t,18.497917926549665
bkp82t,bkp80t,44.0259507931978
bkp82t,bkp79t,35.30908915828559
bkp82t,bkp81t,17.617065554782194
bkp82t,bkp78t,32.293725673780465
bkp82t,bkp77t,24.394799467889918
bkp82t,bkp82t,0.0
bkp82t,bkp76t,18.752546423408877
bkp82t,bkp75t,28.377924196847893
bkp82t,o26,41.658865654932896
bkp82t,14t,17.74269234081637
bkp82t,18t,16.78945197550597
bkp82t,17t,7.919955237135472
bkp82t,08t,7.625862722313832
bkp82t,22t,23.641537134409276
bkp82t,13t,17.134872777589546
bkp82t,20t,39.77359664265919
bkp82t,81t,48.5455896199491
bkp82t,o10,19.102524137843037
bkp82t,bkp98t,22.234761892765523
bkp82t,bkp97t,22.6864060267543
bkp82t,bkp99t,22.765470402203224
bkp82t,bkp95t,12.923339842619969
bkp82t,bkp93t,12.902313578916333
bkp82t,27t,29.446917536916366
bkp82t,16t,12.345876366162265
bkp82t,bkp96t,17.142799545202593
bkp82t,bkp92t,6.839988026001505
bkp82t,bkp91t,6.062799898704981
bkp82t,bkp89t,15.6182310824434
bkp82t,bkp87t,14.85850399935599
bkp82t,bkp85t,6.188693049614053
bkp82t,19t,34.174804958469394
bkp82t,o63,13.574654389695423
bkp82t,bkp90t,14.288187585632569
bkp82t,bkp88t,3.9402947377126107
bkp82t,bkp86t,10.650899323564609
bkp82t,bkp94t,10.607253746772018
bkp82t,bkp84t,3.0313820901388833
bkp82t,bkp83t,3.596565202107685
bkp82t,bkp63t,9.998907798033589
bkp76t,02t,17.383363617333075
bkp76t,03t,29.120478404435683
bkp76t,11t,8.194809510552396
bkp76t,12t,12.638092421487535
bkp76t,50t,12.580484087327322
bkp76t,52t,17.903728966608604
bkp76t,53t,6.684458191464011
bkp76t,54t,10.066478271166023
bkp76t,59t,11.906668822937467
bkp76t,61t,3.515807797539475
bkp76t,bkp100t,3.233560014770627
bkp76t,bkp101t,12.124610783380898
bkp76t,bkp102t,20.178809602446954
bkp76t,bkp103t,15.678605417000627
bkp76t,bkp104t,26.871090097647517
bkp76t,bkp105t,25.711912886550568
bkp76t,bkp112t,17.62274754239531
bkp76t,bkp114t,12.042255228774577
bkp76t,bkp116t,10.952345715162297
bkp76t,bkp117t,8.818275456836025
bkp76t,bkp118t,9.177804748147523
bkp76t,bkp119t,9.524573736989371
bkp76t,bkp121t,21.077825203191964
bkp76t,bkp120t,20.039355089721287
bkp76t,bkp122t,10.423469407125669
bkp76t,bkp123t,11.43336029884719
bkp76t,bkp124t,19.365648036452644
bkp76t,bkp126t,29.729959196784463
bkp76t,bkp125t,3.7496302895311704
bkp76t,bkp128t,15.296861080589457
bkp76t,bkp127t,31.959772694745666
bkp76t,bkp129t,24.87795314375824
bkp76t,bkp130t,12.797136257840156
bkp76t,bkp131t,16.59428855212624
bkp76t,bkp133t,16.46405655013855
bkp76t,bkp56t,10.185683984456087
bkp76t,bkp57t,8.590093617282594
bkp76t,bkp58t,17.918415261083954
bkp76t,bkp59t,12.240857747661245
bkp76t,bkp60t,13.748231714721884
bkp76t,bkp62t,14.86006848244605
bkp76t,bkp61t,14.368600950512862
bkp76t,bkp64t,4.491113450941344
bkp76t,bkp66t,12.563030968832807
bkp76t,bkp67t,14.573110148073475
bkp76t,bkp69t,14.66041269144453
bkp76t,bkp70t,7.6495884861725285
bkp76t,bkp65t,13.34043467914502
bkp76t,bkp71t,3.9907234311526687
bkp76t,bkp72t,10.89485193983485
bkp76t,bkp74t,17.002988946932362
bkp76t,bkp73t,12.205042481641664
bkp76t,bkp80t,25.280054477000395
bkp76t,bkp79t,30.735472853389876
bkp76t,bkp81t,7.959175056080973
bkp76t,bkp78t,15.526803814084587
bkp76t,bkp77t,5.764259356573592
bkp76t,bkp82t,18.752546423408877
bkp76t,bkp76t,0.0
bkp76t,bkp75t,14.448113730233434
bkp76t,o26,60.27589039051547
bkp76t,14t,35.88265141040555
bkp76t,18t,19.296632334192964
bkp76t,17t,18.126558236210304
bkp76t,08t,15.870662031243551
bkp76t,22t,20.068242074606815
bkp76t,13t,16.227347026879972
bkp76t,20t,30.620557098449176
bkp76t,81t,64.37083050601152
bkp76t,o10,0.37237952855103706
bkp76t,bkp98t,13.183358447785173
bkp76t,bkp97t,15.412925688019559
bkp76t,bkp99t,4.153593880719266
bkp76t,bkp95t,12.847137520258212
bkp76t,bkp93t,7.444603546676287
bkp76t,27t,47.82798624969327
bkp76t,16t,18.647020436581077
bkp76t,bkp96t,6.014798226541168
bkp76t,bkp92t,16.05046117253779
bkp76t,bkp91t,20.697757409304632
bkp76t,bkp89t,33.99432170413084
bkp76t,bkp87t,31.67263809131446
bkp76t,bkp85t,18.305657337965048
bkp76t,19t,26.1722850746813
bkp76t,o63,11.814600060714778
bkp76t,bkp90t,32.923671164604364
bkp76t,bkp88t,21.53605850218505
bkp76t,bkp86t,23.928033766767317
bkp76t,bkp94t,9.407215743403414
bkp76t,bkp84t,19.231778800307033
bkp76t,bkp83t,16.504908755101525
bkp76t,bkp63t,12.514806076429819
bkp75t,02t,25.814309085614767
bkp75t,03t,39.0288377882714
bkp75t,11t,16.28478571857053
bkp75t,12t,24.215456641406345
bkp75t,50t,22.533508005940206
bkp75t,52t,26.47162482708067
bkp75t,53t,13.269365094475969
bkp75t,54t,18.541486447933558
bkp75t,59t,18.35574218844526
bkp75t,61t,14.998225661736582
bkp75t,bkp100t,12.254059889765136
bkp75t,bkp101t,6.135924284819394
bkp75t,bkp102t,30.79329422818817
bkp75t,bkp103t,20.20764685392867
bkp75t,bkp104t,35.01840146193511
bkp75t,bkp105t,35.64652964392912
bkp75t,bkp112t,28.227165369735967
bkp75t,bkp114t,22.278482224350547
bkp75t,bkp116t,14.959819250413226
bkp75t,bkp117t,23.01080626849018
bkp75t,bkp118t,16.627396637534872
bkp75t,bkp119t,20.899186493493335
bkp75t,bkp121t,32.63171073402197
bkp75t,bkp120t,10.636880976275638
bkp75t,bkp122t,21.49004515074056
bkp75t,bkp123t,15.36464624116483
bkp75t,bkp124t,24.885450750625363
bkp75t,bkp126t,37.77970607129334
bkp75t,bkp125t,12.121871859287921
bkp75t,bkp128t,23.35626690352506
bkp75t,bkp127t,37.27863701187827
bkp75t,bkp129t,21.902916149636717
bkp75t,bkp130t,4.728747840826526
bkp75t,bkp131t,27.949676226451842
bkp75t,bkp133t,22.703136336019437
bkp75t,bkp56t,18.132374845332258
bkp75t,bkp57t,22.345162287595187
bkp75t,bkp58t,29.009257504378986
bkp75t,bkp59t,20.36824446224093
bkp75t,bkp60t,20.016078024670414
bkp75t,bkp62t,23.716205810380497
bkp75t,bkp61t,21.979815506459563
bkp75t,bkp64t,15.71776041167454
bkp75t,bkp66t,22.87010981889392
bkp75t,bkp67t,25.359585997566196
bkp75t,bkp69t,27.17029388557764
bkp75t,bkp70t,19.946556522105237
bkp75t,bkp65t,22.92960454118472
bkp75t,bkp71t,18.371963954330063
bkp75t,bkp72t,25.341805636592383
bkp75t,bkp74t,7.292034594341533
bkp75t,bkp73t,10.85018761375327
bkp75t,bkp80t,22.24826479599433
bkp75t,bkp79t,19.472030133486076
bkp75t,bkp81t,22.37580774509062
bkp75t,bkp78t,23.387856597732807
bkp75t,bkp77t,11.580329515032236
bkp75t,bkp82t,28.377924196847893
bkp75t,bkp76t,14.448113730233434
bkp75t,bkp75t,0.0
bkp75t,o26,69.13863982824988
bkp75t,14t,42.347807597010345
bkp75t,18t,33.59844168293035
bkp75t,17t,30.786142702737592
bkp75t,08t,28.537963300282104
bkp75t,22t,13.416490029043212
bkp75t,13t,15.12510563255754
bkp75t,20t,16.769640486670895
bkp75t,81t,65.78055961068104
bkp75t,o10,14.17787896410304
bkp75t,bkp98t,7.363238825533979
bkp75t,bkp97t,8.84789516710525
bkp75t,bkp99t,14.297675189863345
bkp75t,bkp95t,16.36287866459619
bkp75t,bkp93t,15.830277610004789
bkp75t,27t,57.486216755727824
bkp75t,16t,32.34891949543769
bkp75t,bkp96t,11.691483919615468
bkp75t,bkp92t,22.690480677353147
bkp75t,bkp91t,32.40080565931528
bkp75t,bkp89t,41.06391473567371
bkp75t,bkp87t,36.929200996947316
bkp75t,bkp85t,24.791898229962975
bkp75t,19t,38.94355980645369
bkp75t,o63,25.977796111610065
bkp75t,bkp90t,42.235343116996745
bkp75t,bkp88t,29.567539501195963
bkp75t,bkp86t,28.269906123033675
bkp75t,bkp94t,22.389546890172213
bkp75t,bkp84t,27.363395272930784
bkp75t,bkp83t,25.025589614276388
bkp75t,bkp63t,18.666184827788186
o26,02t,43.67062311335489
o26,03t,31.165333497969847
o26,11t,53.785980825008004
o26,12t,47.677565126333135
o26,50t,47.92756365436447
o26,52t,43.04367041456017
o26,53t,56.82955988304929
o26,54t,51.41242615421866
o26,59t,50.961693026455826
o26,61t,57.27201731039326
o26,bkp100t,63.404161164050485
o26,bkp101t,70.78938942146671
o26,bkp102t,40.11841114072484
o26,bkp103t,48.97693937175597
o26,bkp104t,34.16622277319716
o26,bkp105t,34.563998554958744
o26,bkp112t,42.653820234895775
o26,bkp114t,48.3950654211199
o26,bkp116t,54.21604009625777
o26,bkp117t,58.60537922679182
o26,bkp118t,68.44610839603867
o26,bkp119t,50.76355455448177
o26,bkp121t,39.682417441095836
o26,bkp120t,64.09854950915367
o26,bkp122t,49.88220148415495
o26,bkp123t,53.78984101540435
o26,bkp124t,44.333535238678685
o26,bkp126t,31.367425564476047
o26,bkp125t,63.950236050970965
o26,bkp128t,71.74461919911676
o26,bkp127t,33.148910748309085
o26,bkp129t,85.11816347712636
o26,bkp130t,64.54399055734713
o26,bkp131t,43.79419171158256
o26,bkp133t,46.44016123214519
o26,bkp56t,51.64673467681223
o26,bkp57t,52.86552494310242
o26,bkp58t,42.4333395974709
o26,bkp59t,49.28608282049658
o26,bkp60t,49.18729109967301
o26,bkp62t,46.04530684911179
o26,bkp61t,47.40578025254899
o26,bkp64t,56.22218916270587
o26,bkp66t,47.833105090642654
o26,bkp67t,45.70456243983593
o26,bkp69t,46.30159829554536
o26,bkp70t,52.64381207676127
o26,bkp65t,47.27511909834007
o26,bkp71t,58.981308774587795
o26,bkp72t,54.98309243592919
o26,bkp74t,64.70810007735767
o26,bkp73t,58.42147440091189
o26,bkp80t,85.518602507567
o26,bkp79t,69.19853430300944
o26,bkp81t,57.20331899577838
o26,bkp78t,72.07980164993971
o26,bkp77t,65.99183938954643
o26,bkp82t,41.658865654932896
o26,bkp76t,60.27589039051547
o26,bkp75t,69.13863982824988
o26,o26,0.0
o26,14t,27.59514444464775
o26,18t,49.06931089505597
o26,17t,43.539084029928226
o26,08t,45.43507757647892
o26,22t,60.36364349683218
o26,13t,55.08489167968918
o26,20t,76.56905257576666
o26,81t,36.0024272904808
o26,o10,60.636570553069284
o26,bkp98t,62.175567087365124
o26,bkp97t,61.77464746111057
o26,bkp99t,64.13983952576974
o26,bkp95t,52.78344023891282
o26,bkp93t,54.44709171982359
o26,27t,12.805023374908643
o26,16t,45.73715565323367
o26,bkp96t,58.6054786497611
o26,bkp92t,46.48182978169469
o26,bkp91t,40.15675770849966
o26,bkp89t,28.343681789707773
o26,bkp87t,33.50757455215633
o26,bkp85t,44.34706667830703
o26,19t,66.52911855948803
o26,o63,51.8512071757357
o26,bkp90t,27.377553458619232
o26,bkp88t,39.67929331128526
o26,bkp86t,41.66583757388429
o26,bkp94t,51.30146708922171
o26,bkp84t,41.96629085573533
o26,bkp83t,44.52645384493917
o26,bkp63t,50.578443571640264
14t,02t,18.509076165824784
14t,03t,11.716596365458148
14t,11t,28.274691652029723
14t,12t,24.391562432593926
14t,50t,23.412723178251543
14t,52t,18.01878523642147
14t,53t,31.082746220287437
14t,54t,26.027553464922153
14t,59t,24.91907014130403
14t,61t,32.49044143797369
14t,bkp100t,38.69042354094534
14t,bkp101t,44.83589336105021
14t,bkp102t,17.839222683749195
14t,bkp103t,22.22303140610283
14t,bkp104t,9.529667492008445
14t,bkp105t,13.226656159754118
14t,bkp112t,19.613482969080536
14t,bkp114t,23.9965982438266
14t,bkp116t,27.778937124344985
14t,bkp117t,37.081468110569
14t,bkp118t,44.87051689726191
14t,bkp119t,26.70261832150845
14t,bkp121t,19.262923347393663
14t,bkp120t,36.558046624195015
14t,bkp122t,25.778560818267575
14t,bkp123t,27.29848139504375
14t,bkp124t,17.563467625008535
14t,bkp126t,7.118222117994124
14t,bkp125t,39.23855985046117
14t,bkp128t,49.71310257228053
14t,bkp127t,5.572272373255739
14t,bkp129t,60.42245976571124
14t,bkp130t,37.65016753132392
14t,bkp131t,21.35261181086575
14t,bkp133t,20.11056321015802
14t,bkp56t,26.085517735125133
14t,bkp57t,30.321186722053472
14t,bkp58t,20.078006014662673
14t,bkp59t,23.79983526182069
14t,bkp60t,23.005567195445742
14t,bkp62t,21.029952552729895
14t,bkp61t,21.703917280099486
14t,bkp64t,31.449416703993734
14t,bkp66t,23.550437762154136
14t,bkp67t,22.147763668513957
14t,bkp69t,24.566244797816218
14t,bkp70t,28.78920938214736
14t,bkp65t,22.607520536399825
14t,bkp71t,35.77139770269395
14t,bkp72t,34.173796352970236
14t,bkp74t,37.360822766986466
14t,bkp73t,31.5010465153278
14t,bkp80t,60.82483302427139
14t,bkp79t,41.80603748173316
14t,bkp81t,35.33823785852135
14t,bkp78t,50.017724599789105
14t,bkp77t,41.225367147377945
14t,bkp82t,17.74269234081637
14t,bkp76t,35.88265141040555
14t,bkp75t,42.347807597010345
14t,o26,27.59514444464775
14t,14t,0.0
14t,18t,31.96736781142149
14t,17t,23.449486603086346
14t,08t,24.359864849684328
14t,22t,32.79303114630583
14t,13t,27.752227211834498
14t,20t,48.98141619766412
14t,81t,31.99304986712466
14t,o10,36.204353758061565
14t,bkp98t,35.1464707739505
14t,bkp97t,34.497617757650005
14t,bkp99t,40.01382975213006
14t,bkp95t,26.106256705381814
14t,bkp93t,29.013594079367987
14t,27t,18.239024049301765
14t,16t,27.446569755883296
14t,bkp96t,32.82012732557862
14t,bkp92t,20.325787028793275
14t,bkp91t,19.805711518146683
14t,bkp89t,2.419527330599708
14t,bkp87t,5.926974620109769
14t,bkp85t,18.02675722429847
14t,19t,50.498404081083414
14t,o63,30.945173184547933
14t,bkp90t,9.1277980660974
14t,bkp88t,14.388601332406017
14t,bkp86t,14.237328401378658
14t,bkp94t,28.346581989829655
14t,bkp84t,16.659692609436295
14t,bkp83t,19.38305697373159
14t,bkp63t,24.42730793429167
18t,02t,18.74028579386431
18t,03t,20.815060456912
18t,11t,19.860366832452037
18t,12t,13.150076703775193
18t,50t,16.19243499469804
18t,52t,18.599639278261225
18t,53t,21.778157998938543
18t,54t,18.901158375996577
18t,59t,21.11907614360436
18t,61t,18.823106463640116
18t,bkp100t,22.11639493818878
18t,bkp101t,31.199598919590464
18t,bkp102t,14.960351825990216
18t,bkp103t,23.7941069594471
18t,bkp104t,22.9620699316998
18t,bkp105t,18.740711962519107
18t,bkp112t,14.565690982086053
18t,bkp114t,15.842509381625158
18t,bkp116t,23.565061348704777
18t,bkp117t,12.26813162732284
18t,bkp118t,23.332686322897583
18t,bkp119t,14.943438493977002
18t,bkp121t,12.813292765696064
18t,bkp120t,36.76988245092309
18t,bkp122t,15.01521306519893
18t,bkp123t,23.670715549690488
18t,bkp124t,23.689745682483245
18t,bkp126t,24.88678105624821
18t,bkp125t,22.478720208022764
18t,bkp128t,24.061924368422083
18t,bkp127t,30.937345143379154
18t,bkp129t,40.062244681251066
18t,bkp130t,31.077362535770536
18t,bkp131t,12.802221262483068
18t,bkp133t,21.86565975888039
18t,bkp56t,19.52643956333086
18t,bkp57t,11.468401023735867
18t,bkp58t,13.45800777646315
18t,bkp59t,19.00191040780869
18t,bkp60t,21.407768705888998
18t,bkp62t,17.798007339487384
18t,bkp61t,19.68086161563206
18t,bkp64t,18.34728958880124
18t,bkp66t,15.589418484012464
18t,bkp67t,14.284490792508128
18t,bkp69t,10.182076085626631
18t,bkp70t,14.661268494476094
18t,bkp65t,16.674035906248527
18t,bkp71t,15.689037612909118
18t,bkp72t,8.750757366227619
18t,bkp74t,34.53459382547187
18t,bkp73t,27.777300399110935
18t,bkp80t,40.42581879837912
18t,bkp79t,47.1601514139184
18t,bkp81t,11.923538210643416
18t,bkp78t,24.401904358935788
18t,bkp77t,24.058996149246315
18t,bkp82t,16.78945197550597
18t,bkp76t,19.296632334192964
18t,bkp75t,33.59844168293035
18t,o26,49.06931089505597
18t,14t,31.96736781142149
18t,18t,0.0
18t,17t,9.00414543931471
18t,08t,9.334492748049518
18t,22t,35.275261497892444
18t,13t,29.23529972558839
18t,20t,48.97606230838951
18t,81t,63.90768996252994
18t,o10,19.612823232055142
18t,bkp98t,30.47354584753398
18t,bkp97t,32.09447016718482
18t,bkp99t,21.152612461440704
18t,bkp95t,24.2408973621334
18t,bkp93t,19.797068709893487
18t,27t,36.31896183933518
18t,16t,4.602209961321017
18t,bkp96t,22.727688049556356
18t,bkp92t,21.238142454241014
18t,bkp91t,12.293618345999887
18t,bkp89t,29.558114365003306
18t,bkp87t,30.832989489404586
18t,bkp85t,21.989660890397108
18t,19t,18.63816331161216
18t,o63,7.657852004512499
18t,bkp90t,24.664319886949897
18t,bkp88t,20.60071813189401
18t,bkp86t,27.3617524310168
18t,bkp94t,12.17596565476744
18t,bkp84t,19.66601692277565
18t,bkp83t,18.461172518577275
18t,bkp63t,21.46887909822668
17t,02t,10.278866076502046
17t,03t,13.119582618278839
17t,11t,14.89603971568882
17t,12t,6.756699218546765
17t,50t,9.340382306126479
17t,52t,10.0065078546636
17t,53t,17.645575493373546
17t,54t,13.099332670320837
17t,59t,14.688737985024261
17t,61t,16.063566615145447
17t,bkp100t,21.353574608950304
17t,bkp101t,30.04594828724431
17t,bkp102t,5.969312328413587
17t,bkp103t,16.38841164043288
17t,bkp104t,14.159610908582827
17t,bkp105t,10.394353109215263
17t,bkp112t,5.79249270351025
17t,bkp114t,9.275170205987996
17t,bkp116t,17.85934991316146
17t,bkp117t,15.074478199264373
17t,bkp118t,25.205642744318382
17t,bkp119t,9.919363544505025
17t,bkp121t,4.269850058435199
17t,bkp120t,31.426062056021554
17t,bkp122t,9.44619966964347
17t,bkp123t,17.78759603070475
17t,bkp124t,15.278774076022344
17t,bkp126t,16.332562057737128
17t,bkp125t,21.85200132771279
17t,bkp128t,28.223670171486702
17t,bkp127t,22.005148325609355
17t,bkp129t,42.18798608328725
17t,bkp130t,27.27514470169872
17t,bkp131t,4.303420054468829
17t,bkp133t,13.959846808659869
17t,bkp56t,13.684705416225903
17t,bkp57t,9.74634171144914
17t,bkp58t,4.578421858988344
17t,bkp59t,12.284928509134216
17t,bkp60t,14.322787165404648
17t,bkp62t,10.025650011153832
17t,bkp61t,12.207866574295311
17t,bkp64t,15.191011118179434
17t,bkp66t,8.790477583849274
17t,bkp67t,6.618755427895645
17t,bkp69t,3.618348738215367
17t,bkp70t,10.940642191561032
17t,bkp65t,9.466817899395588
17t,bkp71t,15.874935751030423
17t,bkp72t,11.535436253445228
17t,bkp74t,29.86658412728408
17t,bkp73t,22.628779901693015
17t,bkp80t,42.580038155746045
17t,bkp79t,41.174693337413736
17t,bkp81t,13.674979211581991
17t,bkp78t,28.556985249382983
17t,bkp77t,23.806877699428828
17t,bkp82t,7.919955237135472
17t,bkp76t,18.126558236210304
17t,bkp75t,30.786142702737592
17t,o26,43.539084029928226
17t,14t,23.449486603086346
17t,18t,9.00414543931471
17t,17t,0.0
17t,08t,2.279761429068442
17t,22t,29.215913269473095
17t,13t,22.775053816780865
17t,20t,44.409028170602184
17t,81t,55.20390341233014
17t,o10,18.497783446874177
17t,bkp98t,25.97334563131314
17t,bkp97t,27.06401338615021
17t,bkp99t,21.425577614383595
17t,bkp95t,17.90586997397264
17t,bkp93t,15.166248976343777
17t,27t,30.784191001099952
17t,16t,4.455010188716717
17t,bkp96t,19.1096026075114
17t,bkp92t,13.380128734246902
17t,bkp91t,3.722130194972189
17t,bkp89t,21.081184558324683
17t,bkp87t,21.88656723427089
17t,bkp85t,13.620630840751934
17t,19t,27.119905505619826
17t,o63,8.332706252362646
17t,bkp90t,17.1658872919615
17t,bkp88t,11.629848160794598
17t,bkp86t,18.569879246661394
17t,bkp94t,8.745223611978808
17t,bkp84t,10.901355825911844
17t,bkp83t,10.209387203746662
17t,bkp63t,14.843087554368122
08t,02t,9.40634981964043
08t,03t,14.665692012148869
08t,11t,12.758102628789144
08t,12t,4.7022097918315415
08t,50t,7.524079983075385
08t,52t,9.271920610636728
08t,53t,15.440383211686827
08t,54t,11.077484800171336
08t,59t,12.840178408140911
08t,61t,13.785130544698497
08t,bkp100t,19.10090869377084
08t,bkp101t,27.76818228995798
08t,bkp102t,6.525645873568461
08t,bkp103t,14.894912390014794
08t,bkp104t,14.888367748080508
08t,bkp105t,11.665116321508545
08t,bkp112t,5.372841898774945
08t,bkp114t,7.363292463618178
08t,bkp116t,15.875605507925846
08t,bkp117t,13.317703101097985
08t,bkp118t,23.132257453680868
08t,bkp119t,7.715149728572098
08t,bkp121t,5.790791271478231
08t,bkp120t,29.44967800235915
08t,bkp122t,7.30756042947115
08t,bkp123t,15.839946416633182
08t,bkp124t,14.369488570681542
08t,bkp126t,17.29528804238154
08t,bkp125t,19.60344459024618
08t,bkp128t,26.443489937076663
08t,bkp127t,22.41307991225457
08t,bkp129t,40.06627604591818
08t,bkp130t,25.085186807143828
08t,bkp131t,3.525068129002057
08t,bkp133t,12.695413075825295
08t,bkp56t,11.68002997691579
08t,bkp57t,7.5796122389801655
08t,bkp58t,4.453654232228536
08t,bkp59t,10.485732272656913
08t,bkp60t,12.680264428365374
08t,bkp62t,8.642855088752556
08t,bkp61t,10.70043843633311
08t,bkp64t,12.917769011555185
08t,bkp66t,6.940053851263576
08t,bkp67t,5.101877728862098
08t,bkp69t,1.3861803966028259
08t,bkp70t,8.664634347577898
08t,bkp65t,7.79224469642005
08t,bkp71t,13.738048085826225
08t,bkp72t,9.979568353693184
08t,bkp74t,27.78051303597574
08t,bkp73t,20.580900717602336
08t,bkp80t,40.46014040759669
08t,bkp79t,39.35156927779658
08t,bkp81t,11.802407702068857
08t,bkp78t,26.772559387653335
08t,bkp77t,21.56900475690453
08t,bkp82t,7.625862722313832
08t,bkp76t,15.870662031243551
08t,bkp75t,28.537963300282104
08t,o26,45.43507757647892
08t,14t,24.359864849684328
08t,18t,9.334492748049518
08t,17t,2.279761429068442
08t,08t,0.0
08t,22t,27.376259220566393
08t,13t,21.005171950411206
08t,20t,42.34315439688669
08t,81t,55.829487967699606
08t,o10,16.242383230991006
08t,bkp98t,23.851309588494686
08t,bkp97t,25.019589036052018
08t,bkp99t,19.23373137311512
08t,bkp95t,16.06677122299605
08t,bkp93t,12.990191081053714
08t,27t,32.72414832017326
08t,16t,5.262987739569905
08t,bkp96t,16.87383613041035
08t,bkp92t,12.083600459022886
08t,bkp91t,5.291378624994603
08t,bkp89t,22.04676982658181
08t,bkp87t,22.26051072638971
08t,bkp85t,12.672700516038535
08t,19t,26.62430999261687
08t,o63,6.714491544077949
08t,bkp90t,18.712968982371603
08t,bkp88t,11.545022742134735
08t,bkp86t,18.060031072532777
08t,bkp94t,6.475329816163311
08t,bkp84t,10.382271940050172
08t,bkp83t,9.152952025834876
08t,bkp63t,13.052794059798794
22t,02t,20.550181013690064
22t,03t,32.908423284842435
22t,11t,15.469275138411405
22t,12t,22.7096059764087
22t,50t,19.88505864016173
22t,52t,21.154423888132712
22t,53t,14.25572543619381
22t,54t,16.455458248460594
22t,59t,14.540625899401384
22t,61t,18.023614324566076
22t,bkp100t,20.006530037859886
22t,bkp101t,18.900698224437228
22t,bkp102t,26.621471458490536
22t,bkp103t,13.511122161608325
22t,bkp104t,27.637341399975156
22t,bkp105t,29.959102853459513
22t,bkp112t,24.572291619091892
22t,bkp114t,20.012967774500368
22t,bkp116t,11.712384519288193
22t,bkp117t,28.334242940606817
22t,bkp118t,26.749469572912208
22t,bkp119t,20.347270519167505
22t,bkp121t,29.26028902490134
22t,bkp120t,3.872330337279559
22t,bkp122t,20.380465266559476
22t,bkp123t,11.636382069304451
22t,bkp124t,17.210680697411366
22t,bkp126t,29.971085646432787
22t,bkp125t,20.252655999838748
22t,bkp128t,33.79195276817642
22t,bkp127t,27.292660341066153
22t,bkp129t,35.29658726280709
22t,bkp130t,9.709994646298286
22t,bkp131t,25.215367775543537
22t,bkp133t,16.44257519101936
22t,bkp56t,15.830310584485703
22t,bkp57t,24.25543918891875
22t,bkp58t,25.735310448257195
22t,bkp59t,16.931418363529527
22t,bkp60t,15.035612552667864
22t,bkp62t,19.54424051632113
22t,bkp61t,17.29912257218728
22t,bkp64t,17.95524815361515
22t,bkp66t,20.451913994347127
22t,bkp67t,22.637355990661874
22t,bkp69t,26.065601217083522
22t,bkp70t,20.754044632383277
22t,bkp65t,19.767735555759792
22t,bkp71t,23.606963447739115
22t,bkp72t,29.001551873838558
22t,bkp74t,6.193500882488878
22t,bkp73t,7.9903277726051805
22t,bkp80t,35.64726377372987
22t,bkp79t,11.97651528806479
22t,bkp81t,26.942805757407204
22t,bkp78t,33.92214600735327
22t,bkp77t,21.029873836475478
22t,bkp82t,23.641537134409276
22t,bkp76t,20.068242074606815
22t,bkp75t,13.416490029043212
22t,o26,60.36364349683218
22t,14t,32.79303114630583
22t,18t,35.275261497892444
22t,17t,29.215913269473095
22t,08t,27.376259220566393
22t,22t,0.0
22t,13t,6.528583678780747
22t,20t,16.55427120719631
22t,81t,52.860594169816366
22t,o10,20.038468835422954
22t,bkp98t,7.611239313164151
22t,bkp97t,5.2123315394434195
22t,bkp99t,22.52228760844749
22t,bkp95t,11.315118956241813
22t,bkp93t,15.649155996361388
22t,27t,49.85461784613024
22t,16t,32.385818107517665
22t,bkp96t,14.17228387587995
22t,bkp92t,16.805523875866616
22t,bkp91t,29.255403120789946
22t,bkp89t,32.089954914897945
22t,bkp87t,26.93126479644844
22t,bkp85t,18.014869612550225
22t,19t,46.146666224070245
22t,o63,28.057824258752824
22t,bkp90t,35.18690419673294
22t,bkp88t,22.9924176314773
22t,bkp86t,18.770845791665238
22t,bkp94t,23.13959882353992
22t,bkp84t,21.389151207087007
22t,bkp83t,20.087939582691018
22t,bkp63t,14.374370234497144
13t,02t,14.053218231720619
13t,03t,26.660780711051004
13t,11t,9.854835316530902
13t,12t,16.391567596220433
13t,50t,13.483487208956381
13t,52t,14.667732513709884
13t,53t,9.643499610652759
13t,54t,10.339294945756121
13t,59t,8.191450122884397
13t,61t,13.433234333040753
13t,bkp100t,17.146282442766097
13t,bkp101t,19.129099060202787
13t,bkp102t,20.102990584924665
13t,bkp103t,7.035274320713365
13t,bkp104t,21.63714014212443
13t,bkp105t,23.608959049351057
13t,bkp112t,18.044762514626424
13t,bkp114t,13.66219660545051
13t,bkp116t,5.955074733996347
13t,bkp117t,23.587442709550228
13t,bkp118t,24.33251974804477
13t,bkp119t,14.319644435427634
13t,bkp121t,22.73171398742517
13t,bkp120t,9.494198392664709
13t,bkp122t,14.225640521805804
13t,bkp123t,5.7026616541344435
13t,bkp124t,11.08393957540793
13t,bkp126t,24.13689271666553
13t,bkp125t,17.534051807505165
13t,bkp128t,31.144469873420142
13t,bkp127t,22.45794153306736
13t,bkp129t,35.82552627165013
13t,bkp130t,10.434472026365079
13t,bkp131t,18.719530914021
13t,bkp133t,9.982745279900437
13t,bkp56t,9.716435615514412
13t,bkp57t,18.636830716877135
13t,bkp58t,19.2124558943939
13t,bkp59t,10.520481661627102
13t,bkp60t,8.520606452303245
13t,bkp62t,13.0213770403868
13t,bkp61t,10.774299464542803
13t,bkp64t,13.06458878843886
13t,bkp66t,14.065126814408933
13t,bkp67t,16.170738403188295
13t,bkp69t,19.72607209628333
13t,bkp70t,15.057521028805603
13t,bkp65t,13.309088388707389
13t,bkp71t,19.17749629250849
13t,bkp72t,23.656235258026246
13t,bkp74t,9.62619022899287
13t,bkp73t,4.929602481863827
13t,bkp80t,36.20640598558081
13t,bkp79t,18.412613324668644
13t,bkp81t,22.006775004300255
13t,bkp78t,31.33023352447811
13t,bkp77t,18.855902510550887
13t,bkp82t,17.134872777589546
13t,bkp76t,16.227347026879972
13t,bkp75t,15.12510563255754
13t,o26,55.08489167968918
13t,14t,27.752227211834498
13t,18t,29.23529972558839
13t,17t,22.775053816780865
13t,08t,21.005171950411206
13t,22t,6.528583678780747
13t,13t,0.0
13t,20t,22.773105545884277
13t,81t,51.053637398547174
13t,o10,16.306975285149893
13t,bkp98t,7.765491030079405
13t,bkp97t,6.751066611189635
13t,bkp99t,19.528547128573546
13t,bkp95t,4.9995262505623455
13t,bkp93t,10.23272098080321
13t,27t,44.11010889959816
13t,16t,26.103303804020037
13t,bkp96t,10.288873998837591
13t,bkp92t,10.312273722526573
13t,bkp91t,22.72808159875729
13t,bkp89t,26.74814464233823
13t,bkp87t,22.10075694222379
13t,bkp85t,11.678152972826652
13t,19t,41.510837710088026
13t,o63,22.303911381384854
13t,bkp90t,29.175020473722427
13t,bkp88t,16.716002843553955
13t,bkp86t,13.515495843186473
13t,bkp94t,17.271210843422708
13t,bkp84t,14.980116713170837
13t,bkp83t,13.568849769996444
13t,bkp63t,7.95272723665238
20t,02t,36.73748691944117
20t,03t,49.40718385514194
20t,11t,29.621798244588582
20t,12t,37.66535129526117
20t,50t,35.19339531194534
20t,52t,37.370118948545105
20t,53t,27.264391864642526
20t,54t,31.311198987726158
20t,59t,29.974162372363605
20t,61t,30.212810671083474
20t,bkp100t,28.861469542204574
20t,bkp101t,22.15161309270288
20t,bkp102t,42.66671858262498
20t,bkp103t,29.788688290577934
20t,bkp104t,44.19120592779751
20t,bkp105t,46.3820316492619
20t,bkp112t,40.41504745688101
20t,bkp114t,35.17088229706666
20t,bkp116t,26.59856884265752
20t,bkp117t,39.40820156532136
20t,bkp118t,33.245641728022115
20t,bkp119t,34.74000075855868
20t,bkp121t,45.119931701189195
20t,bkp120t,13.303908527363554
20t,bkp122t,35.04398541999795
20t,bkp123t,26.73245288001296
20t,bkp124t,33.73474280553981
20t,bkp126t,46.51238718434136
20t,bkp125t,28.789602742604437
20t,bkp128t,39.694362147814616
20t,bkp127t,43.42053206436328
20t,bkp129t,33.39357326198455
20t,bkp130t,17.970748414703447
20t,bkp131t,40.7589284932186
20t,bkp133t,32.7361089559508
20t,bkp56t,30.732888020024806
20t,bkp57t,37.508066587000755
20t,bkp58t,41.483768360401804
20t,bkp59t,32.38644951202849
20t,bkp60t,30.92006236539599
20t,bkp62t,35.38852520447437
20t,bkp61t,33.20775296749002
20t,bkp64t,30.63082906354482
20t,bkp66t,35.694458063539386
20t,bkp67t,38.09147471972565
20t,bkp69t,40.966461029231375
20t,bkp70t,34.46029483702468
20t,bkp65t,35.26960305401658
20t,bkp71t,34.611248303183636
20t,bkp72t,41.302162186800125
20t,bkp74t,14.57355388591598
20t,bkp73t,21.78126217616704
20t,bkp80t,33.612392651407085
20t,bkp79t,9.191353349684878
20t,bkp81t,38.54785215744167
20t,bkp78t,39.68258469635652
20t,bkp77t,28.349917492424638
20t,bkp82t,39.77359664265919
20t,bkp76t,30.620557098449176
20t,bkp75t,16.769640486670895
20t,o26,76.56905257576666
20t,14t,48.98141619766412
20t,18t,48.97606230838951
20t,17t,44.409028170602184
20t,08t,42.34315439688669
20t,22t,16.55427120719631
20t,13t,22.773105545884277
20t,20t,0.0
20t,81t,64.82481628095385
20t,o10,30.4088604794711
20t,bkp98t,18.579182949802046
20t,bkp97t,17.351538545006953
20t,bkp99t,31.026294199703223
20t,bkp95t,26.921951310629346
20t,bkp93t,29.487300516038225
20t,27t,66.34858154146538
20t,16t,46.915756547849014
20t,bkp96t,26.250174826199128
20t,bkp92t,33.026191334916405
20t,bkp91t,45.0417150919819
20t,bkp89t,48.45393812501927
20t,bkp87t,43.0622258381139
20t,bkp85t,34.444795669546764
20t,19t,55.71318008395918
20t,o63,41.34609897595355
20t,bkp90t,51.74115534932335
20t,bkp88t,39.4679997293819
20t,bkp86t,35.214366125325355
20t,bkp94t,37.00171967440612
20t,bkp84t,37.74840369046632
20t,bkp83t,36.177929085472734
20t,bkp63t,29.97649087324447
81t,02t,48.24194258030007
81t,03t,43.58850107638686
81t,11t,56.18072522519995
81t,12t,54.872659160129665
81t,50t,53.077323003549694
81t,52t,47.95860003369763
81t,53t,58.267761611206254
81t,54t,54.40450491416414
81t,59t,52.46906399755596
81t,61t,60.85992792679667
81t,bkp100t,66.56092786538308
81t,bkp101t,70.18163156472214
81t,bkp102t,49.359577268498946
81t,bkp103t,48.77347272533237
81t,bkp104t,41.04493120604413
81t,bkp105t,45.18897649713167
81t,bkp112t,50.6823899199845
81t,bkp114t,53.694760077925295
81t,bkp116t,54.10199364478364
81t,bkp117t,67.66018592144218
81t,bkp118t,73.5255209601953
81t,bkp119t,56.39170372159151
81t,bkp121t,51.1236693616596
81t,bkp120t,56.5032381185935
81t,bkp122t,55.529243775978394
81t,bkp123t,53.57416228524378
81t,bkp124t,45.08735203135107
81t,bkp126t,39.025316223134006
81t,bkp125t,67.06475884515903
81t,bkp128t,79.36631474328509
81t,bkp127t,33.50149870477662
81t,bkp129t,86.85580657449343
81t,bkp130t,61.2903475980716
81t,bkp131t,52.5364822519816
81t,bkp133t,47.99331669658202
81t,bkp56t,54.213887789606666
81t,bkp57t,60.75982773367308
81t,bkp58t,51.398043012463766
81t,bkp59t,52.35607146092678
81t,bkp60t,50.62639333061852
81t,bkp62t,50.53161136003186
81t,bkp61t,50.29323827299752
81t,bkp64t,59.93663576452871
81t,bkp66t,53.400243084847006
81t,bkp67t,52.68052587445858
81t,bkp69t,55.79806271989477
81t,bkp70t,58.442710136914776
81t,bkp65t,52.233033454544646
81t,bkp71t,65.36006661338544
81t,bkp72t,65.22453164510127
81t,bkp74t,58.94853117707823
81t,bkp73t,55.91713057632718
81t,bkp80t,87.24005103051638
81t,bkp79t,55.70497389825481
81t,bkp81t,65.833528698155
81t,bkp78t,79.63601621592665
81t,bkp77t,68.81646328084439
81t,bkp82t,48.5455896199491
81t,bkp76t,64.37083050601152
81t,bkp75t,65.78055961068104
81t,o26,36.0024272904808
81t,14t,31.99304986712466
81t,18t,63.90768996252994
81t,17t,55.20390341233014
81t,08t,55.829487967699606
81t,22t,52.860594169816366
81t,13t,51.053637398547174
81t,20t,64.82481628095385
81t,81t,0.0
81t,o10,64.62148009420757
81t,bkp98t,58.62516182475506
81t,bkp97t,56.93354129952684
81t,bkp99t,68.45093697931885
81t,bkp95t,52.128174783757764
81t,bkp93t,56.93655869631506
81t,27t,38.55209805397065
81t,16t,59.349759524080454
81t,bkp96t,59.727788309639195
81t,bkp92t,48.46965714774279
81t,bkp91t,51.65636404403659
81t,bkp89t,34.41251527317413
81t,bkp87t,33.69357686253339
81t,bkp85t,46.343291544914635
81t,19t,82.32376521089354
81t,o63,62.11892105598022
81t,bkp90t,40.34079619431942
81t,bkp88t,44.68688370049588
81t,bkp86t,40.47243032414857
81t,bkp94t,58.68839428952492
81t,bkp84t,46.55048661593856
81t,bkp83t,48.99867105454255
81t,bkp63t,51.86462747529626
o10,02t,17.709942907732373
o10,03t,29.482892902262172
o10,11t,8.440780723825394
o10,12t,13.004526071459889
o10,50t,12.92088597369058
o10,52t,18.234304064544393
o10,53t,6.816931248850276
o10,54t,10.352940975995956
o10,59t,12.152777078176245
o10,61t,3.7888259813586354
o10,bkp100t,2.8612036573771524
o10,bkp101t,11.771406008218056
o10,bkp102t,20.54280124176535
o10,bkp103t,15.906039792062149
o10,bkp104t,27.209926388707647
o10,bkp105t,26.07277595605928
o10,bkp112t,17.984258159615298
o10,bkp114t,12.386253702111583
o10,bkp116t,11.106696714854865
o10,bkp117t,9.007542238109762
o10,bkp118t,8.91123084602893
o10,bkp119t,9.881080245319728
o10,bkp121t,21.449078798597682
o10,bkp120t,19.9386925923441
o10,bkp122t,10.777483330222044
o10,bkp123t,11.594046874048784
o10,bkp124t,19.63788063744621
o10,bkp126t,30.07024238002378
o10,bkp125t,3.3776741774000794
o10,bkp128t,15.116864684896937
o10,bkp127t,32.25759589827658
o10,bkp129t,24.524256440064082
o10,bkp130t,12.624957423288112
o10,bkp131t,16.962422571973015
o10,bkp133t,16.73944008297021
o10,bkp56t,10.457343867391137
o10,bkp57t,8.952156355310326
o10,bkp58t,18.285228251090302
o10,bkp59t,12.536853241923088
o10,bkp60t,14.006602080510596
o10,bkp62t,15.186802428552648
o10,bkp61t,14.665300419008998
o10,bkp64t,4.786221473210164
o10,bkp66t,12.910206744780638
o10,bkp67t,14.932741009432815
o10,bkp69t,15.03274659179877
o10,bkp70t,8.01565155364536
o10,bkp65t,13.67639798657449
o10,bkp71t,4.216255681068514
o10,bkp72t,11.174974637653916
o10,bkp74t,16.867826065292313
o10,bkp73t,12.211261927561022
o10,bkp80t,24.9264824231203
o10,bkp79t,30.624294773439306
o10,bkp81t,8.206812629007366
o10,bkp78t,15.341413524282132
o10,bkp77t,5.394577733138915
o10,bkp82t,19.102524137843037
o10,bkp76t,0.37237952855103706
o10,bkp75t,14.17787896410304
o10,o26,60.636570553069284
o10,14t,36.204353758061565
o10,18t,19.612823232055142
o10,17t,18.497783446874177
o10,08t,16.242383230991006
o10,22t,20.038468835422954
o10,13t,16.306975285149893
o10,20t,30.4088604794711
o10,81t,64.62148009420757
o10,o10,0.0
o10,bkp98t,13.082060050321285
o10,bkp97t,15.334983974257312
o10,bkp99t,3.8613670413157064
o10,bkp95t,13.016774359312691
o10,bkp93t,7.686086737294799
o10,27t,48.19327902600229
o10,16t,19.000764530910384
o10,bkp96t,6.055059657939648
o10,bkp92t,16.333177232033858
o10,bkp91t,21.069489705969918
o10,bkp89t,34.32383277704735
o10,bkp87t,31.96892546136543
o10,bkp85t,18.595128730647865
o10,19t,26.25529270048457
o10,o63,12.150439587778118
o10,bkp90t,33.281856687904806
o10,bkp88t,21.865168690358427
o10,bkp86t,24.190245367444962
o10,bkp94t,9.779454146841264
o10,bkp84t,19.557653741542726
o10,bkp83t,16.830566307783236
o10,bkp63t,12.75870941302224
bkp98t,02t,19.42187637827962
bkp98t,03t,32.62844901429039
bkp98t,11t,11.093849394423186
bkp98t,12t,19.217168480267322
bkp98t,50t,16.960489630109443
bkp98t,52t,20.082832043082114
bkp98t,53t,8.70354773376221
bkp98t,54t,12.959515375756926
bkp98t,59t,12.075066995788045
bkp98t,61t,11.924920718858427
bkp98t,bkp100t,12.613199733444466
bkp98t,bkp101t,11.772037181526517
bkp98t,bkp102t,24.91187265581953
bkp98t,bkp103t,13.218458373659788
bkp98t,bkp104t,28.213011938043056
bkp98t,bkp105t,29.336851099239524
bkp98t,bkp112t,22.47184552784163
bkp98t,bkp114t,16.853871211397518
bkp98t,bkp116t,8.549227259018876
bkp98t,bkp117t,21.86690189220374
bkp98t,bkp118t,19.171013311264122
bkp98t,bkp119t,16.190493413254405
bkp98t,bkp121t,27.09763228213519
bkp98t,bkp120t,6.856794314678379
bkp98t,bkp122t,16.544643410875185
bkp98t,bkp123t,8.832442010343206
bkp98t,bkp124t,17.842046038822453
bkp98t,bkp126t,30.899331394958224
bkp98t,bkp125t,12.80585623049416
bkp98t,bkp128t,26.221138658390316
bkp98t,bkp127t,29.996165823019794
bkp98t,bkp129t,28.463759563326523
bkp98t,bkp130t,2.6795268852124314
bkp98t,bkp131t,22.552585383035247
bkp98t,bkp133t,15.917131282210887
bkp98t,bkp56t,12.424710459277907
bkp98t,bkp57t,19.02904449682217
bkp98t,bkp58t,23.42463065917537
bkp98t,bkp59t,14.363541202595943
bkp98t,bkp60t,13.463212887445295
bkp98t,bkp62t,17.612231924454786
bkp98t,bkp61t,15.62455374730965
bkp98t,bkp64t,12.197012512069813
bkp98t,bkp66t,17.40981429545439
bkp98t,bkp67t,19.87882061152371
bkp98t,bkp69t,22.467647224969962
bkp98t,bkp70t,15.890401256275233
bkp98t,bkp65t,17.168471946126633
bkp98t,bkp71t,17.01311473889343
bkp98t,bkp72t,23.178035004065027
bkp98t,bkp74t,4.0630773191823355
bkp98t,bkp73t,3.800921237801283
bkp98t,bkp80t,28.833462086589137
bkp98t,bkp79t,17.55666284538421
bkp98t,bkp81t,20.704524657594753
bkp98t,bkp78t,26.34343161073542
bkp98t,bkp77t,13.45074552890682
bkp98t,bkp82t,22.234761892765523
bkp98t,bkp76t,13.183358447785173
bkp98t,bkp75t,7.363238825533979
bkp98t,o26,62.175567087365124
bkp98t,14t,35.1464707739505
bkp98t,18t,30.47354584753398
bkp98t,17t,25.97334563131314
bkp98t,08t,23.851309588494686
bkp98t,22t,7.611239313164151
bkp98t,13t,7.765491030079405
bkp98t,20t,18.579182949802046
bkp98t,81t,58.62516182475506
bkp98t,o10,13.082060050321285
bkp98t,bkp98t,0.0
bkp98t,bkp97t,2.4222273504781295
bkp98t,bkp99t,15.123410680734187
bkp98t,bkp95t,9.530272964606828
bkp98t,bkp93t,10.918139760733716
bkp98t,27t,50.77768051983613
bkp98t,16t,28.339695906853347
bkp98t,bkp96t,7.869773929244524
bkp98t,bkp92t,16.003743542640223
bkp98t,bkp91t,26.95203219861475
bkp98t,bkp89t,33.95748923512597
bkp98t,bkp87t,29.643911956630223
bkp98t,bkp85t,17.94460484529803
bkp98t,19t,39.33339383570992
bkp98t,o63,22.89167831101825
bkp98t,bkp90t,35.594349907196396
bkp98t,bkp88t,22.886716942612612
bkp98t,bkp86t,20.99012549002771
bkp98t,bkp94t,18.429841032787994
bkp98t,bkp84t,20.80074752786365
bkp98t,bkp83t,18.71141412116654
bkp98t,bkp63t,12.245239602925562
bkp97t,02t,19.742958065039197
bkp97t,03t,32.80262456203144
bkp97t,11t,12.375233340526988
bkp97t,12t,20.3299275152883
bkp97t,50t,17.846849324505875
bkp97t,52t,20.39541010446667
bkp97t,53t,10.378567354502199
bkp97t,54t,13.964693449822583
bkp97t,59t,12.68065258598498
bkp97t,61t,13.867471195959945
bkp97t,bkp100t,14.999357316946943
bkp97t,bkp101t,13.86986372094844
bkp97t,bkp102t,25.490844151928773
bkp97t,bkp103t,13.109351916560076
bkp97t,bkp104t,28.083177270845166
bkp97t,bkp105t,29.599406380226164
bkp97t,bkp112t,23.154980312715075
bkp97t,bkp114t,17.819347326536814
bkp97t,bkp116t,9.254256351086443
bkp97t,bkp117t,23.99196508479096
bkp97t,bkp118t,21.59321333020769
bkp97t,bkp119t,17.492987965309396
bkp97t,bkp121t,27.842737663151695
bkp97t,bkp120t,4.745004432609168
bkp97t,bkp122t,17.740148297955983
bkp97t,bkp123t,9.413237621160828
bkp97t,bkp124t,17.559963603566977
bkp97t,bkp126t,30.677095924449482
bkp97t,bkp125t,15.205819549940259
bkp97t,bkp128t,28.64335994137539
bkp97t,bkp127t,29.207524733931926
bkp97t,bkp129t,30.458780081565763
bkp97t,bkp130t,4.6077382726373886
bkp97t,bkp131t,23.423027146479352
bkp97t,bkp133t,15.968286048296708
bkp97t,bkp56t,13.382722788062274
bkp97t,bkp57t,20.73087011189563
bkp97t,bkp58t,24.187055547871243
bkp97t,bkp59t,15.073027056786966
bkp97t,bkp60t,13.79967520009934
bkp97t,bkp62t,18.171289840869786
bkp97t,bkp61t,16.05541858311665
bkp97t,bkp64t,14.017944144904014
bkp97t,bkp66t,18.34388123789746
bkp97t,bkp67t,20.751200393896813
bkp97t,bkp69t,23.648887342721142
bkp97t,bkp70t,17.437059803656624
bkp97t,bkp65t,17.94669878451194
bkp97t,bkp71t,19.162587008240127
bkp97t,bkp72t,25.101021551819045
bkp97t,bkp74t,3.0229629307497956
bkp97t,bkp73t,4.438706509506575
bkp97t,bkp80t,30.820610566000187
bkp97t,bkp79t,15.437115780812501
bkp97t,bkp81t,22.752491068849288
bkp97t,bkp78t,28.76555276011773
bkp97t,bkp77t,15.87297283837013
bkp97t,bkp82t,22.6864060267543
bkp97t,bkp76t,15.412925688019559
bkp97t,bkp75t,8.84789516710525
bkp97t,o26,61.77464746111057
bkp97t,14t,34.497617757650005
bkp97t,18t,32.09447016718482
bkp97t,17t,27.06401338615021
bkp97t,08t,25.019589036052018
bkp97t,22t,5.2123315394434195
bkp97t,13t,6.751066611189635
bkp97t,20t,17.351538545006953
bkp97t,81t,56.93354129952684
bkp97t,o10,15.334983974257312
bkp97t,bkp98t,2.4222273504781295
bkp97t,bkp97t,0.0
bkp97t,bkp99t,17.513646220945095
bkp97t,bkp95t,9.765948918341675
bkp97t,bkp93t,12.32987122868885
bkp97t,27t,50.637791082836394
bkp97t,16t,29.70730298656208
bkp97t,bkp96t,9.829661562442245
bkp97t,bkp92t,16.14904723516895
bkp97t,bkp91t,27.74198917943508
bkp97t,bkp89t,33.45608083067441
bkp97t,bkp87t,28.8500204252569
bkp97t,bkp85t,17.891559524972717
bkp97t,19t,41.58509790625287
bkp97t,o63,24.597920517150083
bkp97t,bkp90t,35.565204760265395
bkp97t,bkp88t,22.92238136885334
bkp97t,bkp86t,20.26313995458331
bkp97t,bkp94t,19.950250567952406
bkp97t,bkp84t,20.96539540915263
bkp97t,bkp83t,19.103227432842925
bkp97t,bkp63t,12.736147816300688
bkp99t,02t,21.50693693014504
bkp99t,03t,32.97597934504821
bkp99t,11t,12.278112871173404
bkp99t,12t,16.465421954589527
bkp99t,50t,16.660825012581714
bkp99t,52t,22.015794071613808
bkp99t,53t,10.391791395317478
bkp99t,54t,14.213933365247817
bkp99t,59t,15.985704730172195
bkp99t,61t,7.649950329275233
bkp99t,bkp100t,2.517004936208925
bkp99t,bkp101t,10.30996933793889
bkp99t,bkp102t,24.023135892723097
bkp99t,bkp103t,19.70119876828677
bkp99t,bkp104t,30.94582292661708
bkp99t,bkp105t,29.597041312724798
bkp99t,bkp112t,21.515323287523366
bkp99t,bkp114t,16.106069198113723
bkp99t,bkp116t,14.704607105733597
bkp99t,bkp117t,9.266735488487708
bkp99t,bkp118t,5.077108000590839
bkp99t,bkp119t,13.510037038829324
bkp99t,bkp121t,24.692463546862857
bkp99t,bkp120t,21.842258664148197
bkp99t,bkp122t,14.426130556062235
bkp99t,bkp123t,15.210803123098877
bkp99t,bkp124t,23.49574633436297
bkp99t,bkp126t,33.79605264814346
bkp99t,bkp125t,2.3484213490036288
bkp99t,bkp128t,11.61808619002199
bkp99t,bkp127t,36.11327264089558
bkp99t,bkp129t,20.982874125823265
bkp99t,bkp130t,14.019502075639798
bkp99t,bkp131t,20.357405667687868
bkp99t,bkp133t,20.59909098719436
bkp99t,bkp56t,14.31609518629299
bkp99t,bkp57t,11.68097827718071
bkp99t,bkp58t,21.710572940680446
bkp99t,bkp59t,16.393769971532205
bkp99t,bkp60t,17.85387026634686
bkp99t,bkp62t,18.98458768454092
bkp99t,bkp61t,18.521758294795674
bkp99t,bkp64t,8.642929388632886
bkp99t,bkp66t,16.60742600838979
bkp99t,bkp67t,18.501336424453456
bkp99t,bkp69t,18.129661330107915
bkp99t,bkp70t,11.530470913886868
bkp99t,bkp65t,17.437962340941986
bkp99t,bkp71t,5.684050310754974
bkp99t,bkp72t,12.407176760399933
bkp99t,bkp74t,18.50578571520081
bkp99t,bkp73t,15.063168470600377
bkp99t,bkp80t,21.38247238262283
bkp99t,bkp79t,32.32576083180198
bkp99t,bkp81t,9.231661927892144
bkp99t,bkp78t,11.810323780106934
bkp99t,bkp77t,3.0019963458609573
bkp99t,bkp82t,22.765470402203224
bkp99t,bkp76t,4.153593880719266
bkp99t,bkp75t,14.297675189863345
bkp99t,o26,64.13983952576974
bkp99t,14t,40.01382975213006
bkp99t,18t,21.152612461440704
bkp99t,17t,21.425577614383595
bkp99t,08t,19.23373137311512
bkp99t,22t,22.52228760844749
bkp99t,13t,19.528547128573546
bkp99t,20t,31.026294199703223
bkp99t,81t,68.45093697931885
bkp99t,o10,3.8613670413157064
bkp99t,bkp98t,15.123410680734187
bkp99t,bkp97t,17.513646220945095
bkp99t,bkp99t,0.0
bkp99t,bkp95t,16.656231816774756
bkp99t,bkp93t,11.519028051580108
bkp99t,27t,51.60963210900142
bkp99t,16t,21.299683573316237
bkp99t,bkp96t,9.289480340469385
bkp99t,bkp92t,20.194526237443103
bkp99t,bkp91t,24.277654529779927
bkp99t,bkp89t,38.104599363789475
bkp99t,bkp87t,35.82586942738796
bkp99t,bkp85t,22.455588797991066
bkp99t,19t,24.761337989755617
bkp99t,o63,14.209457195788401
bkp99t,bkp90t,36.83788815775942
bkp99t,bkp88t,25.650884702401946
bkp99t,bkp86t,28.03923229701194
bkp99t,bkp94t,12.926155547077448
bkp99t,bkp84t,23.35634820208992
bkp99t,bkp83t,20.631154682346327
bkp99t,bkp63t,16.587765745349984
bkp95t,02t,9.984536611163694
bkp95t,03t,23.125354806002072
bkp95t,11t,5.282541681851576
bkp95t,12t,11.419698150115662
bkp95t,50t,8.570404200289932
bkp95t,52t,10.639907886882702
bkp95t,53t,6.265935458562791
bkp95t,54t,5.361195298663829
bkp95t,59t,3.2267725175010114
bkp95t,61t,9.585148987483802
bkp95t,bkp100t,14.547033100079863
bkp95t,bkp101t,18.87768328182884
bkp95t,bkp102t,15.759140034808983
bkp95t,bkp103t,3.8832290101973257
bkp95t,bkp104t,18.715941944707804
bkp95t,bkp105t,19.871781600578498
bkp95t,bkp112t,13.499226711115215
bkp95t,bkp114t,8.70555238415525
bkp95t,bkp116t,1.9789982013765715
bkp95t,bkp117t,19.233330155624575
bkp95t,bkp118t,21.694204668727632
bkp95t,bkp119t,9.348296382330641
bkp95t,bkp121t,18.207978666767886
bkp95t,bkp120t,13.68822501954762
bkp95t,bkp122t,9.227846750210665
bkp95t,bkp123t,1.4556429862436058
bkp95t,bkp124t,8.556205487300215
bkp95t,bkp126t,21.441128913217767
bkp95t,bkp125t,15.025099595972476
bkp95t,bkp128t,28.13341611890283
bkp95t,bkp127t,21.25714357262974
bkp95t,bkp129t,35.09472512900188
bkp95t,bkp130t,11.770866248794583
bkp95t,bkp131t,13.968856500742135
bkp95t,bkp133t,6.395116174623323
bkp95t,bkp56t,4.7446308228010485
bkp95t,bkp57t,13.814838034201248
bkp95t,bkp58t,14.594746010482758
bkp95t,bkp59t,5.622328615386411
bkp95t,bkp60t,4.034137898647171
bkp95t,bkp62t,8.466627469166514
bkp95t,bkp61t,6.301967735930752
bkp95t,bkp64t,8.962253132688476
bkp95t,bkp66t,9.137045158778857
bkp95t,bkp67t,11.352506969678535
bkp95t,bkp69t,14.767326823844604
bkp95t,bkp70t,10.235899444644115
bkp95t,bkp65t,8.483238612553038
bkp95t,bkp71t,15.160404502849678
bkp95t,bkp72t,18.934575757339676
bkp95t,bkp74t,12.772538929995923
bkp95t,bkp73t,5.729420446652297
bkp95t,bkp80t,35.49018426588604
bkp95t,bkp79t,23.286701999608148
bkp95t,bkp81t,17.553584141293342
bkp95t,bkp78t,28.35601119405693
bkp95t,bkp77t,16.704031853072276
bkp95t,bkp82t,12.923339842619969
bkp95t,bkp76t,12.847137520258212
bkp95t,bkp75t,16.36287866459619
bkp95t,o26,52.78344023891282
bkp95t,14t,26.106256705381814
bkp95t,18t,24.2408973621334
bkp95t,17t,17.90586997397264
bkp95t,08t,16.06677122299605
bkp95t,22t,11.315118956241813
bkp95t,13t,4.9995262505623455
bkp95t,20t,26.921951310629346
bkp95t,81t,52.128174783757764
bkp95t,o10,13.016774359312691
bkp95t,bkp98t,9.530272964606828
bkp95t,bkp97t,9.765948918341675
bkp95t,bkp99t,16.656231816774756
bkp95t,bkp95t,0.0
bkp95t,bkp93t,5.837505020213797
bkp95t,27t,41.26389692611504
bkp95t,16t,21.124001153847683
bkp95t,bkp96t,7.60595927905772
bkp95t,bkp92t,6.475512543428254
bkp95t,bkp91t,18.148594412752633
bkp95t,bkp89t,24.730240318388546
bkp95t,bkp87t,20.921320931096766
bkp95t,bkp85t,8.451918345599855
bkp95t,19t,37.064574766079474
bkp95t,o63,17.395736410273646
bkp95t,bkp90t,26.06606622450539
bkp95t,bkp88t,13.357197598583035
bkp95t,bkp86t,12.375360133244504
bkp95t,bkp94t,12.342218846945746
bkp95t,bkp84t,11.283570731898653
bkp95t,bkp83t,9.337397118026356
bkp95t,bkp63t,3.0896401315173962
bkp93t,02t,10.817968599716043
bkp93t,03t,23.63169397414663
bkp93t,11t,0.7631167841918841
bkp93t,12t,8.457608614257982
bkp93t,50t,6.775292130042643
bkp93t,52t,11.425112417007728
bkp93t,53t,2.5640537701396373
bkp93t,54t,3.045667417458834
bkp93t,59t,4.467614196159069
bkp93t,61t,3.9625475863951425
bkp93t,bkp100t,9.798438449149643
bkp93t,bkp101t,16.3582274533807
bkp93t,bkp102t,15.067069861292287
bkp93t,bkp103t,8.244805516201058
bkp93t,bkp104t,20.440982067826443
bkp93t,bkp105t,20.195448489001297
bkp93t,bkp112t,12.466881168577089
bkp93t,bkp114t,6.468240069697561
bkp93t,bkp116t,4.29182842718444
bkp93t,bkp117t,13.436589586474303
bkp93t,bkp118t,16.5900870850136
bkp93t,bkp119t,5.286280049844745
bkp93t,bkp121t,16.80228902285692
bkp93t,bkp120t,16.97585390230832
bkp93t,bkp122t,5.731089805763372
bkp93t,bkp123t,4.62845770366056
bkp93t,bkp124t,12.017491347401963
bkp93t,bkp126t,23.30888642828369
bkp93t,bkp125t,10.334138995844786
bkp93t,bkp128t,22.66786512089685
bkp93t,bkp127t,24.784391823144787
bkp93t,bkp129t,31.408903554018217
bkp93t,bkp130t,12.110517428613624
bkp93t,bkp131t,12.119649756883396
bkp93t,bkp133t,9.14787035074578
bkp93t,bkp56t,2.9286593032689394
bkp93t,bkp57t,8.606364223263714
bkp93t,bkp58t,13.191880944285922
bkp93t,bkp59t,5.245364588309059
bkp93t,bkp60t,6.343705888218929
bkp93t,bkp62t,8.401807327564425
bkp93t,bkp61t,7.3109966283936005
bkp93t,bkp64t,3.1780721850073306
bkp93t,bkp66t,7.063051444914691
bkp93t,bkp67t,9.539161252918788
bkp93t,bkp69t,11.604028666190883
bkp93t,bkp70t,5.145533715709361
bkp93t,bkp65t,7.2816787989542595
bkp93t,bkp71t,9.33831525782297
bkp93t,bkp72t,13.461935431830405
bkp93t,bkp74t,14.920340517029656
bkp93t,bkp73t,7.980261250384853
bkp93t,bkp80t,31.81125588509153
bkp93t,bkp79t,27.407528530952735
bkp93t,bkp81t,11.801553513324256
bkp93t,bkp78t,22.910881962411622
bkp93t,bkp77t,12.2640801160682
bkp93t,bkp82t,12.902313578916333
bkp93t,bkp76t,7.444603546676287
bkp93t,bkp75t,15.830277610004789
bkp93t,o26,54.44709171982359
bkp93t,14t,29.013594079367987
bkp93t,18t,19.797068709893487
bkp93t,17t,15.166248976343777
bkp93t,08t,12.990191081053714
bkp93t,22t,15.649155996361388
bkp93t,13t,10.23272098080321
bkp93t,20t,29.487300516038225
bkp93t,81t,56.93655869631506
bkp93t,o10,7.686086737294799
bkp93t,bkp98t,10.918139760733716
bkp93t,bkp97t,12.32987122868885
bkp93t,bkp99t,11.519028051580108
bkp93t,bkp95t,5.837505020213797
bkp93t,bkp93t,0.0
bkp93t,27t,42.34123344979707
bkp93t,16t,17.429760815124983
bkp93t,bkp96t,4.2602703771507375
bkp93t,bkp92t,8.798897027155903
bkp93t,bkp91t,16.57148375203355
bkp93t,bkp89t,27.280941893161568
bkp93t,bkp87t,24.482614329057306
bkp93t,bkp85t,11.101983176425609
bkp93t,19t,31.32478792318024
bkp93t,o63,12.423713951584325
bkp93t,bkp90t,27.135747956255646
bkp93t,bkp88t,14.934459194995569
bkp93t,bkp86t,16.526156892060822
bkp93t,bkp94t,7.628369353781035
bkp93t,bkp84t,12.600122324752299
bkp93t,bkp83t,9.946147146634186
bkp93t,bkp63t,5.072633564092026
27t,02t,31.720936278074657
27t,03t,18.758859756874422
27t,11t,41.71645507705057
27t,12t,35.19172836569029
27t,50t,35.68369154312336
27t,52t,31.072632002257812
27t,53t,44.79698274892981
27t,54t,39.342601476201324
27t,59t,39.14751287111141
27t,61t,44.94292809728051
27t,bkp100t,50.99706192585226
27t,bkp101t,58.69155011098361
27t,bkp102t,27.65510359188869
27t,bkp103t,37.586523828863534
27t,bkp104t,22.571753576987327
27t,bkp105t,22.199900967104313
27t,bkp112t,30.238118346055195
27t,bkp114t,36.11362757730532
27t,bkp116t,42.531192803873886
27t,bkp117t,45.83447734326689
27t,bkp118t,55.80675446286801
27t,bkp119t,38.365734886400666
27t,bkp121t,27.00960687823169
27t,bkp120t,53.42972073222788
27t,bkp122t,37.50788033378763
27t,bkp123t,42.142029294941004
27t,bkp124t,33.080660328936354
27t,bkp126t,19.9743027802194
27t,bkp125t,51.53809055608984
27t,bkp128t,58.96427917817316
27t,bkp127t,23.616273100264557
27t,bkp129t,72.58893698211762
27t,bkp130t,53.00997082800456
27t,bkp131t,31.257541622654436
27t,bkp133t,34.8687814313584
27t,bkp56t,39.631836501056505
27t,bkp57t,40.21032457518688
27t,bkp58t,29.916042441334877
27t,bkp59t,37.29306528088868
27t,bkp60t,37.474277927547
27t,bkp62t,33.98095452526921
27t,bkp61t,35.534574075174525
27t,bkp64t,43.90393296889721
27t,bkp66t,35.536727129894366
27t,bkp67t,33.305519396094205
27t,bkp69t,33.63758670173947
27t,bkp70t,40.178640371254865
27t,bkp65t,35.084192138329534
27t,bkp71t,46.35247081249809
27t,bkp72t,42.19478832680569
27t,bkp74t,53.634118784528255
27t,bkp73t,46.98156379069292
27t,bkp80t,72.98761948952253
27t,bkp79t,59.69199640497846
27t,bkp81t,44.458171713714805
27t,bkp78t,59.3002277201224
27t,bkp77t,53.575930555864424
27t,bkp82t,29.446917536916366
27t,bkp76t,47.82798624969327
27t,bkp75t,57.486216755727824
27t,o26,12.805023374908643
27t,14t,18.239024049301765
27t,18t,36.31896183933518
27t,17t,30.784191001099952
27t,08t,32.72414832017326
27t,22t,49.85461784613024
27t,13t,44.11010889959816
27t,20t,66.34858154146538
27t,81t,38.55209805397065
27t,o10,48.19327902600229
27t,bkp98t,50.77768051983613
27t,bkp97t,50.637791082836394
27t,bkp99t,51.60963210900142
27t,bkp95t,41.26389692611504
27t,bkp93t,42.34123344979707
27t,27t,0.0
27t,16t,32.933515363337975
27t,bkp96t,46.56332456874994
27t,bkp92t,34.82508209501625
27t,bkp91t,27.468336640433883
27t,bkp89t,18.111607346187185
27t,bkp87t,23.94491864554177
27t,bkp85t,32.83393373400005
27t,19t,54.01984148279746
27t,o63,39.07891811082865
27t,bkp90t,15.258337241802048
27t,bkp88t,27.9302116644044
27t,bkp86t,31.13824782701546
27t,bkp94t,38.71282975213805
27t,bkp84t,30.124388976302956
27t,bkp83t,32.5440726921061
27t,bkp63t,38.82068739088984
16t,02t,14.525885494651874
16t,03t,16.498776902683716
16t,11t,17.332900875123176
16t,12t,9.712770904598363
16t,50t,12.682426589828873
16t,52t,14.316536681035672
16t,53t,19.7016613070968
16t,54t,15.948900184123
16t,59t,17.912145699608644
16t,61t,17.351149377004806
16t,bkp100t,21.74856489863216
16t,bkp101t,30.77158873838339
16t,bkp102t,10.375585668203339
16t,bkp103t,20.14453587797096
16t,bkp104t,18.369956307425383
16t,bkp105t,14.230838517720061
16t,bkp112t,10.167359930677216
16t,bkp114t,12.449055302430638
16t,bkp116t,20.747963179508535
16t,bkp117t,13.471763199871429
16t,bkp118t,24.360390504932386
16t,bkp119t,12.215279402309559
16t,bkp121t,8.230343254576827
16t,bkp120t,34.255243499318766
16t,bkp122t,12.039430174809093
16t,bkp123t,20.768180199634372
16t,bkp124t,19.52506895676073
16t,bkp126t,20.34658717397519
16t,bkp125t,22.188835948649253
16t,bkp128t,26.30393979638452
16t,bkp127t,26.335135183361746
16t,bkp129t,41.3848450004103
16t,bkp130t,29.30189143255369
16t,bkp131t,8.505328495547419
16t,bkp133t,17.951698494288202
16t,bkp56t,16.56999844256491
16t,bkp57t,10.107550893381356
16t,bkp58t,8.998195285813878
16t,bkp59t,15.620872877013149
16t,bkp60t,17.890144126761076
16t,bkp62t,13.904872067977125
16t,bkp61t,15.954749521847978
16t,bkp64t,16.661666268819666
16t,bkp66t,12.084510148063618
16t,bkp67t,10.364849641082456
16t,bkp69t,6.412446174712902
16t,bkp70t,12.537983325883914
16t,bkp65t,13.017289823489456
16t,bkp71t,15.617589778613837
16t,bkp72t,9.681094940531576
16t,bkp74t,32.349981308825775
16t,bkp73t,25.28988839514209
16t,bkp80t,41.76501854775637
16t,bkp79t,44.35628879022375
16t,bkp81t,12.507521309376832
16t,bkp78t,26.64442052834254
16t,bkp77t,23.993343448371572
16t,bkp82t,12.345876366162265
16t,bkp76t,18.647020436581077
16t,bkp75t,32.34891949543769
16t,o26,45.73715565323367
16t,14t,27.446569755883296
16t,18t,4.602209961321017
16t,17t,4.455010188716717
16t,08t,5.262987739569905
16t,22t,32.385818107517665
16t,13t,26.103303804020037
16t,20t,46.915756547849014
16t,81t,59.349759524080454
16t,o10,19.000764530910384
16t,bkp98t,28.339695906853347
16t,bkp97t,29.70730298656208
16t,bkp99t,21.299683573316237
16t,bkp95t,21.124001153847683
16t,bkp93t,17.429760815124983
16t,27t,32.933515363337975
16t,16t,0.0
16t,bkp96t,20.926230887674333
16t,bkp92t,17.342760821795583
16t,bkp91t,7.704274226305844
16t,bkp89t,25.04540362547624
16t,bkp87t,26.23111788077221
16t,bkp85t,17.840423935725795
16t,19t,23.064555905197498
16t,o63,7.11009697458655
16t,bkp90t,20.440798507656467
16t,bkp88t,16.084826631810756
16t,bkp86t,22.981902948223343
16t,bkp94t,10.014939885059249
16t,bkp84t,15.291997158782435
16t,bkp83t,14.348729200052533
16t,bkp63t,18.173403577385766
bkp96t,02t,14.935636344570288
bkp96t,03t,27.874794777376124
bkp96t,11t,4.848014537475414
bkp96t,12t,12.527571382122458
bkp96t,50t,11.034331368289468
bkp96t,52t,15.562088499662442
bkp96t,53t,1.7763060715794858
bkp96t,54t,7.220730856983518
bkp96t,59t,7.90209332266558
bkp96t,61t,4.0577543958670175
bkp96t,bkp100t,7.0172801673580905
bkp96t,bkp101t,12.18778353151861
bkp96t,bkp102t,19.324573893051163
bkp96t,bkp103t,11.100112437061563
bkp96t,bkp104t,24.51422699939853
bkp96t,bkp105t,24.442238593611318
bkp96t,bkp112t,16.720781744053447
bkp96t,bkp114t,10.712513271225374
bkp96t,bkp116t,5.628164146386273
bkp96t,bkp117t,14.210121735475155
bkp96t,bkp118t,14.224862512472034
bkp96t,bkp119t,9.208604063242856
bkp96t,bkp121t,21.000949695967332
bkp96t,bkp120t,14.565909622624764
bkp96t,bkp122t,9.806823204383683
bkp96t,bkp123t,6.15512298123925
bkp96t,bkp124t,15.44356133156889
bkp96t,bkp126t,27.369636060442748
bkp96t,bkp125t,7.467642672553613
bkp96t,bkp128t,20.900927340630616
bkp96t,bkp127t,28.331375749239847
bkp96t,bkp129t,27.74527464822303
bkp96t,bkp130t,8.392853512180912
bkp96t,bkp131t,16.308122001149904
bkp96t,bkp133t,12.725847169988214
bkp96t,bkp56t,6.958755231781445
bkp96t,bkp57t,11.259326982399994
bkp96t,bkp58t,17.418246229030498
bkp96t,bkp59t,9.319839182390426
bkp96t,bkp60t,9.825444988190036
bkp96t,bkp62t,12.587667074392266
bkp96t,bkp61t,11.26138029295807
bkp96t,bkp64t,4.38072639813378
bkp96t,bkp66t,11.30796371347977
bkp96t,bkp67t,13.767411248027111
bkp96t,bkp69t,15.499093948026292
bkp96t,bkp70t,8.394207290034199
bkp96t,bkp65t,11.53615717990755
bkp96t,bkp71t,9.438264819929934
bkp96t,bkp72t,15.313229738470785
bkp96t,bkp74t,11.913710569539758
bkp96t,bkp73t,6.2245197141312625
bkp96t,bkp80t,28.144828944163088
bkp96t,bkp79t,25.266501269942953
bkp96t,bkp81t,12.925452190645059
bkp96t,bkp78t,21.09795887914469
bkp96t,bkp77t,9.098337712032315
bkp96t,bkp82t,17.142799545202593
bkp96t,bkp76t,6.014798226541168
bkp96t,bkp75t,11.691483919615468
bkp96t,o26,58.6054786497611
bkp96t,14t,32.82012732557862
bkp96t,18t,22.727688049556356
bkp96t,17t,19.1096026075114
bkp96t,08t,16.87383613041035
bkp96t,22t,14.17228387587995
bkp96t,13t,10.288873998837591
bkp96t,20t,26.250174826199128
bkp96t,81t,59.727788309639195
bkp96t,o10,6.055059657939648
bkp96t,bkp98t,7.869773929244524
bkp96t,bkp97t,9.829661562442245
bkp96t,bkp99t,9.289480340469385
bkp96t,bkp95t,7.60595927905772
bkp96t,bkp93t,4.2602703771507375
bkp96t,27t,46.56332456874994
bkp96t,16t,20.926230887674333
bkp96t,bkp96t,0.0
bkp96t,bkp92t,12.49490681441391
bkp96t,bkp91t,20.749599663220945
bkp96t,bkp89t,31.19198434061131
bkp96t,bkp87t,28.01291655009082
bkp96t,bkp85t,14.794568200296414
bkp96t,19t,31.974433062469735
bkp96t,o63,15.097457782768993
bkp96t,bkp90t,31.337801106428245
bkp96t,bkp88t,18.98695072755886
bkp96t,bkp86t,19.703386330656635
bkp96t,bkp94t,10.911940993622359
bkp96t,bkp84t,16.668126564563384
bkp96t,bkp83t,14.079372520295697
bkp96t,bkp63t,8.410826702940712
bkp92t,02t,3.744657465683556
bkp92t,03t,16.66455086818537
bkp92t,11t,8.041428673745676
bkp92t,12t,8.262127236089412
bkp92t,50t,5.406328154585642
bkp92t,52t,4.355640789878933
bkp92t,53t,10.758386644627805
bkp92t,54t,5.985732174410365
bkp92t,59t,4.597827715886022
bkp92t,61t,12.54473868206899
bkp92t,bkp100t,18.59167618608674
bkp92t,bkp101t,24.572129451779507
bkp92t,bkp102t,9.840894517604308
bkp92t,bkp103t,3.2979336216681485
bkp92t,bkp104t,12.330331027370532
bkp92t,bkp105t,13.453972158813658
bkp92t,bkp112t,8.012078274498549
bkp92t,bkp114t,5.947477893481178
bkp92t,bkp116t,7.737614938407193
bkp92t,bkp117t,19.797234239219733
bkp92t,bkp118t,25.223003950418946
bkp92t,bkp119t,8.298187970843111
bkp92t,bkp121t,12.580458653960065
bkp92t,bkp120t,19.722287826353977
bkp92t,bkp122t,7.581046648491039
bkp92t,bkp123t,7.326338626587199
bkp92t,bkp124t,3.3940011116528
bkp92t,bkp126t,15.115423801202816
bkp92t,bkp125t,19.129880519979945
bkp92t,bkp128t,30.89728449235747
bkp92t,bkp127t,15.985536987188112
bkp92t,bkp129t,40.14915349461844
bkp92t,bkp130t,18.185059490387538
bkp92t,bkp131t,9.089583719005564
bkp92t,bkp133t,0.6370424097548778
bkp92t,bkp56t,5.8986626452419255
bkp92t,bkp57t,13.138432999719031
bkp92t,bkp58t,9.258528508618793
bkp92t,bkp59t,3.8869156743962705
bkp92t,bkp60t,2.7195641701272284
bkp92t,bkp62t,3.4476446348592127
bkp92t,bkp61t,1.909483103817666
bkp92t,bkp64t,11.563256682013751
bkp92t,bkp66t,5.946725274927937
bkp92t,bkp67t,6.989579515943163
bkp92t,bkp69t,11.068123699481887
bkp92t,bkp70t,10.19485185643257
bkp92t,bkp65t,4.71309156938136
bkp92t,bkp71t,16.92981587565666
bkp92t,bkp72t,18.24918617760357
bkp92t,bkp74t,19.170681604205786
bkp92t,bkp73t,12.203614555644409
bkp92t,bkp80t,40.5506698835405
bkp92t,bkp79t,28.486922241743514
bkp92t,bkp81t,17.958479137290556
bkp92t,bkp78t,31.16637726066348
bkp92t,bkp77t,21.06165302724374
bkp92t,bkp82t,6.839988026001505
bkp92t,bkp76t,16.05046117253779
bkp92t,bkp75t,22.690480677353147
bkp92t,o26,46.48182978169469
bkp92t,14t,20.325787028793275
bkp92t,18t,21.238142454241014
bkp92t,17t,13.380128734246902
bkp92t,08t,12.083600459022886
bkp92t,22t,16.805523875866616
bkp92t,13t,10.312273722526573
bkp92t,20t,33.026191334916405
bkp92t,81t,48.46965714774279
bkp92t,o10,16.333177232033858
bkp92t,bkp98t,16.003743542640223
bkp92t,bkp97t,16.14904723516895
bkp92t,bkp99t,20.194526237443103
bkp92t,bkp95t,6.475512543428254
bkp92t,bkp93t,8.798897027155903
bkp92t,27t,34.82508209501625
bkp92t,16t,17.342760821795583
bkp92t,bkp96t,12.49490681441391
bkp92t,bkp92t,0.0
bkp92t,bkp91t,12.640931758167138
bkp92t,bkp89t,18.72152386331426
bkp92t,bkp87t,15.684484116376733
bkp92t,bkp85t,2.3111466150736173
bkp92t,19t,36.66291805784352
bkp92t,o63,15.783527243594765
bkp92t,bkp90t,19.604259719707905
bkp92t,bkp88t,6.896759073783485
bkp92t,bkp86t,8.027702137912192
bkp92t,bkp94t,11.13477956299426
bkp92t,bkp84t,4.819399512291326
bkp92t,bkp83t,3.3525611212007203
bkp92t,bkp63t,4.136335504307127
bkp91t,02t,9.035081219371778
bkp91t,03t,9.439793180065735
bkp91t,11t,16.1506753741726
bkp91t,12t,8.297579819489302
bkp91t,50t,9.999756461117563
bkp91t,52t,8.563286065887851
bkp91t,53t,19.13144958810056
bkp91t,54t,14.029351364393913
bkp91t,59t,15.070066234044955
bkp91t,61t,18.212483030202264
bkp91t,bkp100t,23.924469536647017
bkp91t,bkp101t,32.28124612161253
bkp91t,bkp102t,3.208659788284183
bkp91t,bkp103t,15.892330596581369
bkp91t,bkp104t,10.668451648992365
bkp91t,bkp105t,6.680227747524707
bkp91t,bkp112t,4.683397094673289
bkp91t,bkp114t,10.16577338035596
bkp91t,bkp116t,18.504804232478534
bkp91t,bkp117t,18.588912530812408
bkp91t,bkp118t,28.344518624241374
bkp91t,bkp119t,11.664429530890015
bkp91t,bkp121t,0.5490568836697199
bkp91t,bkp120t,31.836806380900693
bkp91t,bkp122t,10.964298882040715
bkp91t,bkp123t,18.3288895059068
bkp91t,bkp124t,13.756323666766962
bkp91t,bkp126t,12.689562764270434
bkp91t,bkp125t,24.447066178498083
bkp91t,bkp128t,31.726782665098142
bkp91t,bkp127t,18.679376226635014
bkp91t,bkp129t,45.20524896891513
bkp91t,bkp130t,28.547862115937665
bkp91t,bkp131t,4.452880292413237
bkp91t,bkp133t,13.127124221234453
bkp91t,bkp56t,14.5367619112788
bkp91t,bkp57t,12.748522120442294
bkp91t,bkp58t,3.557947262814745
bkp91t,bkp59t,12.668990539011158
bkp91t,bkp60t,14.234841324272766
bkp91t,bkp62t,9.71950242483824
bkp91t,bkp61t,11.958171701286021
bkp91t,bkp64t,17.2452324555552
bkp91t,bkp66t,9.586466442986179
bkp91t,bkp67t,7.091783722071451
bkp91t,bkp69t,6.178302022739564
bkp91t,bkp70t,13.149170727821163
bkp91t,bkp65t,9.80348643494242
bkp91t,bkp71t,18.90365066096895
bkp91t,bkp72t,15.15470129287754
bkp91t,bkp74t,30.665330453835633
bkp91t,bkp73t,23.37918854745031
bkp91t,bkp80t,45.60145569223699
bkp91t,bkp79t,41.07544162145588
bkp91t,bkp81t,17.093101627991235
bkp91t,bkp78t,32.05672105335136
bkp91t,bkp77t,26.454691799993636
bkp91t,bkp82t,6.062799898704981
bkp91t,bkp76t,20.697757409304632
bkp91t,bkp75t,32.40080565931528
bkp91t,o26,40.15675770849966
bkp91t,14t,19.805711518146683
bkp91t,18t,12.293618345999887
bkp91t,17t,3.722130194972189
bkp91t,08t,5.291378624994603
bkp91t,22t,29.255403120789946
bkp91t,13t,22.72808159875729
bkp91t,20t,45.0417150919819
bkp91t,81t,51.65636404403659
bkp91t,o10,21.069489705969918
bkp91t,bkp98t,26.95203219861475
bkp91t,bkp97t,27.74198917943508
bkp91t,bkp99t,24.277654529779927
bkp91t,bkp95t,18.148594412752633
bkp91t,bkp93t,16.57148375203355
bkp91t,27t,27.468336640433883
bkp91t,16t,7.704274226305844
bkp91t,bkp96t,20.749599663220945
bkp91t,bkp92t,12.640931758167138
bkp91t,bkp91t,0.0
bkp91t,bkp89t,17.421372838381856
bkp91t,bkp87t,18.58989300545404
bkp91t,bkp85t,12.245632581206904
bkp91t,19t,30.700391199920645
bkp91t,o63,11.910366021485862
bkp91t,bkp90t,13.492072629332755
bkp91t,bkp88t,9.076370184020139
bkp91t,bkp86t,16.32609627524158
bkp91t,bkp94t,11.356425482570602
bkp91t,bkp84t,9.028019575441434
bkp91t,bkp83t,9.28845167649621
bkp91t,bkp63t,15.07281708309464
bkp89t,02t,16.61752510790326
bkp89t,03t,9.336296005873912
bkp89t,11t,26.555057041600012
bkp89t,12t,22.268593471156088
bkp89t,50t,21.45430026618459
bkp89t,52t,16.090887799021957
bkp89t,53t,29.436283656614542
bkp89t,54t,24.263108743884622
bkp89t,59t,23.315836222291082
bkp89t,61t,30.64864830493704
bkp89t,bkp100t,36.86807143789399
bkp89t,bkp101t,43.29279236772401
bkp89t,bkp102t,15.540170864613595
bkp89t,bkp103t,20.86159998276673
bkp89t,bkp104t,7.325284755973567
bkp89t,bkp105t,10.818703515478665
bkp89t,bkp112t,17.4083769146672
bkp89t,bkp114t,22.02456585069346
bkp89t,bkp116t,26.319199470715144
bkp89t,bkp117t,34.879884410305735
bkp89t,bkp118t,42.90648152704281
bkp89t,bkp119t,24.70298242903485
bkp89t,bkp121t,16.876882402191043
bkp89t,bkp120t,35.78558430232342
bkp89t,bkp122t,23.777187462511648
bkp89t,bkp123t,25.855880983775492
bkp89t,bkp124t,16.18090655909938
bkp89t,bkp126t,4.757134326558583
bkp89t,bkp125t,37.41822443984255
bkp89t,bkp128t,47.60286690996434
bkp89t,bkp127t,5.654870672344278
bkp89t,bkp129t,58.661535236193544
bkp89t,bkp130t,36.40114426602163
bkp89t,bkp131t,19.110496023085386
bkp89t,bkp133t,18.56390630319973
bkp89t,bkp56t,24.362501512763984
bkp89t,bkp57t,28.168164133900138
bkp89t,bkp58t,17.81361381732309
bkp89t,bkp59t,22.04061580494552
bkp89t,bkp60t,21.431597609138795
bkp89t,bkp62t,19.139122258483145
bkp89t,bkp61t,19.979435262236976
bkp89t,bkp64t,29.59981433599003
bkp89t,bkp66t,21.55523949215734
bkp89t,bkp67t,20.03411013572337
bkp89t,bkp69t,22.29877781250528
bkp89t,bkp70t,26.77694666421535
bkp89t,bkp65t,20.667473230805363
bkp89t,bkp71t,33.72258809984666
bkp89t,bkp72t,31.907809863504472
bkp89t,bkp74t,36.373933837664715
bkp89t,bkp73t,30.250710569214622
bkp89t,bkp80t,59.064398834436005
bkp89t,bkp79t,41.593259129500716
bkp89t,bkp81t,33.154944597696755
bkp89t,bkp78t,47.91114331292165
bkp89t,bkp77t,39.42255571260139
bkp89t,bkp82t,15.6182310824434
bkp89t,bkp76t,33.99432170413084
bkp89t,bkp75t,41.06391473567371
bkp89t,o26,28.343681789707773
bkp89t,14t,2.419527330599708
bkp89t,18t,29.558114365003306
bkp89t,17t,21.081184558324683
bkp89t,08t,22.04676982658181
bkp89t,22t,32.089954914897945
bkp89t,13t,26.74814464233823
bkp89t,20t,48.45393812501927
bkp89t,81t,34.41251527317413
bkp89t,o10,34.32383277704735
bkp89t,bkp98t,33.95748923512597
bkp89t,bkp97t,33.45608083067441
bkp89t,bkp99t,38.104599363789475
bkp89t,bkp95t,24.730240318388546
bkp89t,bkp93t,27.280941893161568
bkp89t,27t,18.111607346187185
bkp89t,16t,25.04540362547624
bkp89t,bkp96t,31.19198434061131
bkp89t,bkp92t,18.72152386331426
bkp89t,bkp91t,17.421372838381856
bkp89t,bkp89t,0.0
bkp89t,bkp87t,5.949853790636275
bkp89t,bkp85t,16.45742838813246
bkp89t,19t,48.10313729549433
bkp89t,o63,28.66736440185303
bkp89t,bkp90t,7.046910198752897
bkp89t,bkp88t,12.458685331780547
bkp89t,bkp86t,13.336877135520226
bkp89t,bkp94t,26.22098702349905
bkp89t,bkp84t,14.77393005475759
bkp89t,bkp83t,17.499168919397462
bkp89t,bkp63t,22.85370548278457
bkp87t,02t,14.704077282188587
bkp87t,03t,12.943255827882606
bkp87t,11t,23.72390090559902
bkp87t,12t,21.215674084125954
bkp87t,50t,19.637960680363854
bkp87t,52t,14.35766420710372
bkp87t,53t,26.331778940496438
bkp87t,54t,21.625016499773345
bkp87t,59t,20.166058192071624
bkp87t,61t,28.189628983506807
bkp87t,bkp100t,34.27577318547117
bkp87t,bkp101t,39.790458592857334
bkp87t,bkp102t,15.927143949768741
bkp87t,bkp103t,17.07330620168681
bkp87t,bkp104t,8.090856244395816
bkp87t,bkp105t,12.887515707699626
bkp87t,bkp112t,17.02085865495403
bkp87t,bkp114t,20.25095636132901
bkp87t,bkp116t,22.7109391643664
bkp87t,bkp117t,34.03540537913311
bkp87t,bkp118t,40.81167350455352
bkp87t,bkp119t,22.98454867244919
bkp87t,bkp121t,18.09772006286155
bkp87t,bkp120t,30.721960570217806
bkp87t,bkp122t,22.088048404816575
bkp87t,bkp123t,22.20713655333197
bkp87t,bkp124t,12.569367193648949
bkp87t,bkp126t,7.407607917390263
bkp87t,bkp125t,34.81432083717931
bkp87t,bkp128t,46.14249309977187
bkp87t,bkp127t,0.361501035051593
bkp87t,bkp129t,55.75433644160426
bkp87t,bkp130t,32.20655539025967
bkp87t,bkp131t,18.888012142151354
bkp87t,bkp133t,15.352153765054398
bkp87t,bkp56t,21.579715442484623
bkp87t,bkp57t,27.141529564276922
bkp87t,bkp58t,17.8073793910547
bkp87t,bkp59t,19.43225729753168
bkp87t,bkp60t,18.229960020666166
bkp87t,bkp62t,17.1156249339381
bkp87t,bkp61t,17.304113435572592
bkp87t,bkp64t,27.1833678368815
bkp87t,bkp66t,19.897945986036444
bkp87t,bkp67t,19.005263753395457
bkp87t,bkp69t,22.14122275495845
bkp87t,bkp70t,25.07274611671439
bkp87t,bkp65t,18.79650035899748
bkp87t,bkp71t,32.08215207616722
bkp87t,bkp72t,31.53103742946824
bkp87t,bkp74t,31.65909128963651
bkp87t,bkp73t,26.090732296811176
bkp87t,bkp80t,56.154463160203996
bkp87t,bkp79t,35.90057694073191
bkp87t,bkp81t,32.223039700809345
bkp87t,bkp78t,46.43051950400265
bkp87t,bkp77t,36.74216348758121
bkp87t,bkp82t,14.85850399935599
bkp87t,bkp76t,31.67263809131446
bkp87t,bkp75t,36.929200996947316
bkp87t,o26,33.50757455215633
bkp87t,14t,5.926974620109769
bkp87t,18t,30.832989489404586
bkp87t,17t,21.88656723427089
bkp87t,08t,22.26051072638971
bkp87t,22t,26.93126479644844
bkp87t,13t,22.10075694222379
bkp87t,20t,43.0622258381139
bkp87t,81t,33.69357686253339
bkp87t,o10,31.96892546136543
bkp87t,bkp98t,29.643911956630223
bkp87t,bkp97t,28.8500204252569
bkp87t,bkp99t,35.82586942738796
bkp87t,bkp95t,20.921320931096766
bkp87t,bkp93t,24.482614329057306
bkp87t,27t,23.94491864554177
bkp87t,16t,26.23111788077221
bkp87t,bkp96t,28.01291655009082
bkp87t,bkp92t,15.684484116376733
bkp87t,bkp91t,18.58989300545404
bkp87t,bkp89t,5.949853790636275
bkp87t,bkp87t,0.0
bkp87t,bkp85t,13.389817037165217
bkp87t,19t,48.876072023068375
bkp87t,o63,28.43288170005441
bkp87t,bkp90t,12.12623604658022
bkp87t,bkp88t,10.995997157816321
bkp87t,bkp86t,8.65932248109119
bkp87t,bkp94t,25.08318291673949
bkp87t,bkp84t,12.94083765570122
bkp87t,bkp83t,15.513039337849492
bkp87t,bkp63t,19.622257958070165
bkp85t,02t,3.3433583248029883
bkp85t,03t,14.989132035803793
bkp85t,11t,10.346416086118921
bkp85t,12t,9.482431055135333
bkp85t,50t,6.975112249685431
bkp85t,52t,3.700729310905389
bkp85t,53t,13.063995547655608
bkp85t,54t,8.24284395781028
bkp85t,59t,6.892660537905515
bkp85t,61t,14.810061087651986
bkp85t,bkp100t,20.888059518776835
bkp85t,bkp101t,26.840261356935894
bkp85t,bkp102t,9.183057448356825
bkp85t,bkp103t,4.782255377238105
bkp85t,bkp104t,10.269641736050279
bkp85t,bkp105t,11.947950565981802
bkp85t,bkp112t,7.903743401319284
bkp85t,bkp114t,7.57462541147025
bkp85t,bkp116t,9.896098579686491
bkp85t,bkp117t,21.633323313072175
bkp85t,bkp118t,27.467643938930873
bkp85t,bkp119t,10.15088331960646
bkp85t,bkp121t,12.086670468778891
bkp85t,bkp120t,21.171798641792638
bkp85t,bkp122t,9.347952545476272
bkp85t,bkp123t,9.453337468991492
bkp85t,bkp124t,1.701971966119575
bkp85t,bkp126t,12.991543391093156
bkp85t,bkp125t,21.42774419524486
bkp85t,bkp128t,33.037157045060056
bkp85t,bkp127t,13.687274237559135
bkp85t,bkp129t,42.46022570841514
bkp85t,bkp130t,20.22257218886139
bkp85t,bkp131t,9.352940244484648
bkp85t,bkp133t,2.109708512337033
bkp85t,bkp56t,8.191049033832295
bkp85t,bkp57t,14.841998426789438
bkp85t,bkp58t,9.1767701826794
bkp85t,bkp59t,6.076846913747119
bkp85t,bkp60t,4.982247158948656
bkp85t,bkp62t,4.549872690303827
bkp85t,bkp61t,3.9671157182004118
bkp85t,bkp64t,13.81464826339056
bkp85t,bkp66t,7.4225314864565
bkp85t,bkp67t,7.77948946917648
bkp85t,bkp69t,11.848863027045748
bkp85t,bkp70t,12.146979703927805
bkp85t,bkp65t,6.168855673144851
bkp85t,bkp71t,19.01693224146779
bkp85t,bkp72t,19.818730891864057
bkp85t,bkp74t,20.910315652028014
bkp85t,bkp73t,14.151303610054963
bkp85t,bkp80t,42.86172555592779
bkp85t,bkp79t,29.40638991109448
bkp85t,bkp81t,19.78915957359477
bkp85t,bkp78t,33.3118201753852
bkp85t,bkp77t,23.366033031504507
bkp85t,bkp82t,6.188693049614053
bkp85t,bkp76t,18.305657337965048
bkp85t,bkp75t,24.791898229962975
bkp85t,o26,44.34706667830703
bkp85t,14t,18.02675722429847
bkp85t,18t,21.989660890397108
bkp85t,17t,13.620630840751934
bkp85t,08t,12.672700516038535
bkp85t,22t,18.014869612550225
bkp85t,13t,11.678152972826652
bkp85t,20t,34.444795669546764
bkp85t,81t,46.343291544914635
bkp85t,o10,18.595128730647865
bkp85t,bkp98t,17.94460484529803
bkp85t,bkp97t,17.891559524972717
bkp85t,bkp99t,22.455588797991066
bkp85t,bkp95t,8.451918345599855
bkp85t,bkp93t,11.101983176425609
bkp85t,27t,32.83393373400005
bkp85t,16t,17.840423935725795
bkp85t,bkp96t,14.794568200296414
bkp85t,bkp92t,2.3111466150736173
bkp85t,bkp91t,12.245632581206904
bkp85t,bkp89t,16.45742838813246
bkp85t,bkp87t,13.389817037165217
bkp85t,bkp85t,0.0
bkp85t,19t,38.118969062812226
bkp85t,o63,17.15007216158147
bkp85t,bkp90t,17.68380313954583
bkp85t,bkp88t,5.050195916328021
bkp85t,bkp86t,6.062120804491343
bkp85t,bkp94t,12.786052469197541
bkp85t,bkp84t,3.4423278262158927
bkp85t,bkp83t,3.5307567893955203
bkp85t,bkp63t,6.405247570135943
19t,02t,35.29891310024579
19t,03t,39.45312661812093
19t,11t,31.798851155107986
19t,12t,28.647570695652263
19t,50t,31.267501086195193
19t,52t,35.372874697236476
19t,53t,32.04561627384555
19t,54t,32.13859242300715
19t,59t,34.64454352322005
19t,61t,28.2122357942071
19t,bkp100t,27.088042391020966
19t,bkp101t,33.9958728508945
19t,bkp102t,32.99553110624905
19t,bkp103t,38.24674490889275
19t,bkp104t,41.279015028284086
19t,bkp105t,37.29399059403823
19t,bkp112t,31.94237208730628
19t,bkp114t,30.715578214313375
19t,bkp116t,35.61226086553905
19t,bkp117t,17.92759648488921
19t,bkp118t,22.845103938209554
19t,bkp119t,28.564327634144192
19t,bkp121t,31.240250832900813
19t,bkp120t,46.187803593616614
19t,bkp122t,29.15020071304948
19t,bkp123t,35.9494505884874
19t,bkp124t,39.75962381399438
19t,bkp126t,43.38716476119689
19t,bkp125t,27.06950882961776
19t,bkp128t,17.998595301568514
19t,bkp127t,49.0205164350649
19t,bkp129t,34.3019955982399
19t,bkp130t,38.64336986422335
19t,bkp131t,30.064922285239703
19t,bkp133t,37.28729523930378
19t,bkp56t,32.65544314224661
19t,bkp57t,23.656551377335944
19t,bkp58t,31.076839193277756
19t,bkp59t,33.31146778822988
19t,bkp60t,35.747225785167416
19t,bkp62t,33.571924576563596
19t,bkp61t,34.79911546392851
19t,bkp64t,28.462957289115423
19t,bkp66t,30.75630952760057
19t,bkp67t,30.558915912131482
19t,bkp69t,26.873526636504476
19t,bkp70t,27.053464065943885
19t,bkp65t,32.01410888004401
19t,bkp71t,22.543179180312823
19t,bkp72t,18.448384171856468
19t,bkp74t,43.0370775761972
19t,bkp73t,38.1774193695373
19t,bkp80t,34.54405502606413
19t,bkp79t,56.84910991672908
19t,bkp81t,19.52415229860105
19t,bkp78t,18.19544863446736
19t,bkp77t,27.36326521358852
19t,bkp82t,34.174804958469394
19t,bkp76t,26.1722850746813
19t,bkp75t,38.94355980645369
19t,o26,66.52911855948803
19t,14t,50.498404081083414
19t,18t,18.63816331161216
19t,17t,27.119905505619826
19t,08t,26.62430999261687
19t,22t,46.146666224070245
19t,13t,41.510837710088026
19t,20t,55.71318008395918
19t,81t,82.32376521089354
19t,o10,26.25529270048457
19t,bkp98t,39.33339383570992
19t,bkp97t,41.58509790625287
19t,bkp99t,24.761337989755617
19t,bkp95t,37.064574766079474
19t,bkp93t,31.32478792318024
19t,27t,54.01984148279746
19t,16t,23.064555905197498
19t,bkp96t,31.974433062469735
19t,bkp92t,36.66291805784352
19t,bkp91t,30.700391199920645
19t,bkp89t,48.10313729549433
19t,bkp87t,48.876072023068375
19t,bkp85t,38.118969062812226
19t,19t,0.0
19t,o63,20.973505391955147
19t,bkp90t,43.283129639363736
19t,bkp88t,38.11507807977854
19t,bkp86t,44.05690872108307
19t,bkp94t,25.565504446417908
19t,bkp84t,36.66823343550779
19t,bkp83t,34.75159613303735
19t,bkp63t,35.1856371768342
o63,02t,14.35685087981251
o63,03t,21.342379515037308
o63,11t,12.594446254295773
o63,12t,7.674067235897917
o63,50t,10.379537824342957
o63,52t,14.472932426303508
o63,53t,14.230057248735204
o63,54t,12.064750127007214
o63,59t,14.486987625036937
o63,61t,11.16686718575426
o63,bkp100t,14.801095732751918
o63,bkp101t,23.883843451955954
o63,bkp102t,13.13244622181066
o63,bkp103t,17.71765113141387
o63,bkp104t,21.425748175480877
o63,bkp105t,18.379605506287856
o63,bkp112t,11.45303450924356
o63,bkp114t,9.86377069226004
o63,bkp116t,16.43999941279591
o63,bkp117t,6.75556375035353
o63,bkp118t,17.31882230301251
o63,bkp119t,8.120996958542463
o63,bkp121t,12.43480683995149
o63,bkp120t,29.31036018075572
o63,bkp122t,8.494611885012613
o63,bkp123t,16.62025368149704
o63,bkp124t,18.800759163722315
o63,bkp126t,23.932135465959533
o63,bkp125t,15.213573716771155
o63,bkp128t,19.896536617784918
o63,bkp127t,28.61840338349259
o63,bkp129t,34.36326322647703
o63,bkp130t,23.426544773840433
o63,bkp131t,9.629805345317802
o63,bkp133t,16.416243972326587
o63,bkp56t,12.665369541305529
o63,bkp57t,3.8682843430936593
o63,bkp58t,10.868841819528297
o63,bkp59t,12.728351557436406
o63,bkp60t,15.21416420464646
o63,bkp62t,12.608025041506924
o63,bkp61t,13.968174889473536
o63,bkp64t,10.71852175295037
o63,bkp66t,9.839521119525706
o63,bkp67t,9.637956113394083
o63,bkp69t,6.383027013730867
o63,bkp70t,7.305540437176244
o63,bkp65t,11.087775580795428
o63,bkp71t,8.538700159158926
o63,bkp72t,3.265364397024866
o63,bkp74t,26.954668709907118
o63,bkp73t,20.359598654700115
o63,bkp80t,34.74725848391528
o63,bkp79t,39.82296511805803
o63,bkp81t,5.498964370434573
o63,bkp78t,20.23079880558577
o63,bkp77t,16.955371966032786
o63,bkp82t,13.574654389695423
o63,bkp76t,11.814600060714778
o63,bkp75t,25.977796111610065
o63,o26,51.8512071757357
o63,14t,30.945173184547933
o63,18t,7.657852004512499
o63,17t,8.332706252362646
o63,08t,6.714491544077949
o63,22t,28.057824258752824
o63,13t,22.303911381384854
o63,20t,41.34609897595355
o63,81t,62.11892105598022
o63,o10,12.150439587778118
o63,bkp98t,22.89167831101825
o63,bkp97t,24.597920517150083
o63,bkp99t,14.209457195788401
o63,bkp95t,17.395736410273646
o63,bkp93t,12.423713951584325
o63,27t,39.07891811082865
o63,16t,7.11009697458655
o63,bkp96t,15.097457782768993
o63,bkp92t,15.783527243594765
o63,bkp91t,11.910366021485862
o63,bkp89t,28.66736440185303
o63,bkp87t,28.43288170005441
o63,bkp85t,17.15007216158147
o63,19t,20.973505391955147
o63,o63,0.0
o63,bkp90t,25.39439363990306
o63,bkp88t,17.465718654725485
o63,bkp86t,23.088354374325093
o63,bkp94t,5.06029427744365
o63,bkp84t,15.81245363802068
o63,bkp83t,13.784127491467009
o63,bkp63t,14.939375537173072
bkp90t,02t,16.464199009557436
bkp90t,03t,4.05252143340122
bkp90t,11t,26.496053515647315
bkp90t,12t,20.381747899758608
bkp90t,50t,20.555382300262835
bkp90t,52t,15.817510384538712
bkp90t,53t,29.567183108841263
bkp90t,54t,24.119963456524662
bkp90t,59t,23.890461338589173
bkp90t,61t,29.8944764942763
bkp90t,bkp100t,36.03489701407211
bkp90t,bkp101t,43.493971994141056
bkp90t,bkp102t,12.850949411911905
bkp90t,bkp103t,22.46241997835512
bkp90t,bkp104t,7.552696407655337
bkp90t,bkp105t,7.255692554368439
bkp90t,bkp112t,15.322578515657149
bkp90t,bkp114t,21.018178293915557
bkp90t,bkp116t,27.28698615836406
bkp90t,bkp117t,32.02582634686559
bkp90t,bkp118t,41.282016602774924
bkp90t,bkp119t,23.401801393120085
bkp90t,bkp121t,12.961783962423775
bkp90t,bkp120t,38.613720948576706
bkp90t,bkp122t,22.513864260254657
bkp90t,bkp123t,26.905703491384635
bkp90t,bkp124t,18.09109490320759
bkp90t,bkp126t,5.474448632075784
bkp90t,bkp125t,36.58201592176014
bkp90t,bkp128t,45.12316771215806
bkp90t,bkp127t,11.935010091928579
bkp90t,bkp129t,57.791805090203894
bkp90t,bkp130t,37.78334768899512
bkp90t,bkp131t,16.591277462567525
bkp90t,bkp133t,19.67835751330225
bkp90t,bkp56t,24.392813395549748
bkp90t,bkp57t,25.821401137801903
bkp90t,bkp58t,15.214701506778725
bkp90t,bkp59t,22.046937317586163
bkp90t,bkp60t,22.232223700093456
bkp90t,bkp62t,18.750154660895305
bkp90t,bkp61t,20.276301182059214
bkp90t,bkp64t,28.84468966157783
bkp90t,bkp66t,20.455559811734577
bkp90t,bkp67t,18.352707851845867
bkp90t,bkp69t,19.366849018824986
bkp90t,bkp70t,25.3140880043532
bkp90t,bkp65t,19.916684682887194
bkp90t,bkp71t,31.83384788813894
bkp90t,bkp72t,28.644903425901177
bkp90t,bkp74t,38.579076099686404
bkp90t,bkp73t,31.793778465995782
bkp90t,bkp80t,58.19322325507188
bkp90t,bkp79t,45.71896986661763
bkp90t,bkp81t,30.46400931261181
bkp90t,bkp78t,45.44907920741672
bkp90t,bkp77t,38.62362494784795
bkp90t,bkp82t,14.288187585632569
bkp90t,bkp76t,32.923671164604364
bkp90t,bkp75t,42.235343116996745
bkp90t,o26,27.377553458619232
bkp90t,14t,9.1277980660974
bkp90t,18t,24.664319886949897
bkp90t,17t,17.1658872919615
bkp90t,08t,18.712968982371603
bkp90t,22t,35.18690419673294
bkp90t,13t,29.175020473722427
bkp90t,20t,51.74115534932335
bkp90t,81t,40.34079619431942
bkp90t,o10,33.281856687904806
bkp90t,bkp98t,35.594349907196396
bkp90t,bkp97t,35.565204760265395
bkp90t,bkp99t,36.83788815775942
bkp90t,bkp95t,26.06606622450539
bkp90t,bkp93t,27.135747956255646
bkp90t,27t,15.258337241802048
bkp90t,16t,20.440798507656467
bkp90t,bkp96t,31.337801106428245
bkp90t,bkp92t,19.604259719707905
bkp90t,bkp91t,13.492072629332755
bkp90t,bkp89t,7.046910198752897
bkp90t,bkp87t,12.12623604658022
bkp90t,bkp85t,17.68380313954583
bkp90t,19t,43.283129639363736
bkp90t,o63,25.39439363990306
bkp90t,bkp90t,0.0
bkp90t,bkp88t,12.7096217450528
bkp90t,bkp86t,16.925977352147342
bkp90t,bkp94t,24.12284648299404
bkp90t,bkp84t,14.872093495097689
bkp90t,bkp83t,17.291714498856475
bkp90t,bkp63t,23.56928919943053
bkp88t,02t,4.163407345332426
bkp88t,03t,9.944779118313347
bkp88t,11t,14.232210553802753
bkp88t,12t,10.247605632245335
bkp88t,50t,9.024179349966534
bkp88t,52t,3.6355079960371666
bkp88t,53t,17.212650760763797
bkp88t,54t,11.89264263240674
bkp88t,59t,11.284816328321867
bkp88t,61t,18.197568704090482
bkp88t,bkp100t,24.42112228386938
bkp88t,bkp101t,31.169343923490505
bkp88t,bkp102t,5.899920408124453
bkp88t,bkp103t,9.819416210523796
bkp88t,bkp104t,5.528856332422122
bkp88t,bkp105t,7.0084574846958265
bkp88t,bkp112t,6.180430676624973
bkp88t,bkp114t,9.608807701787269
bkp88t,bkp116t,14.607801066833614
bkp88t,bkp117t,23.07334656394672
bkp88t,bkp118t,30.483672903368088
bkp88t,bkp119t,12.32216363970483
bkp88t,bkp121t,8.736962692889591
bkp88t,bkp120t,26.20985263476595
bkp88t,bkp122t,11.400158914860773
bkp88t,bkp123t,14.212658145521862
bkp88t,bkp124t,5.845454784287205
bkp88t,bkp126t,8.383750066681726
bkp88t,bkp125t,24.971847768902535
bkp88t,bkp128t,35.41706712646089
bkp88t,bkp127t,11.201210579811896
bkp88t,bkp129t,46.2370926324488
bkp88t,bkp130t,25.081209201503437
bkp88t,bkp131t,8.054692679716
bkp88t,bkp133t,6.9769330445002975
bkp88t,bkp56t,12.053189112364604
bkp88t,bkp57t,16.196878990290404
bkp88t,bkp58t,7.162347103089314
bkp88t,bkp59t,9.6966619244599
bkp88t,bkp60t,9.551749397881453
bkp88t,bkp62t,6.68168423883925
bkp88t,bkp61t,7.7366606729909115
bkp88t,bkp64t,17.146649777334265
bkp88t,bkp66t,9.171875331596224
bkp88t,bkp67t,8.020557498159299
bkp88t,bkp69t,11.253045133613961
bkp88t,bkp70t,14.413495026729132
bkp88t,bkp65t,8.222204793057246
bkp88t,bkp71t,21.41558919984881
bkp88t,bkp72t,20.53923424533472
bkp88t,bkp74t,25.94368785721494
bkp88t,bkp73t,19.08585142784677
bkp88t,bkp80t,46.64010636265605
bkp88t,bkp79t,34.189973348650135
bkp88t,bkp81t,21.273887907426335
bkp88t,bkp78t,35.71561138846976
bkp88t,bkp77t,26.983493106266472
bkp88t,bkp82t,3.9402947377126107
bkp88t,bkp76t,21.53605850218505
bkp88t,bkp75t,29.567539501195963
bkp88t,o26,39.67929331128526
bkp88t,14t,14.388601332406017
bkp88t,18t,20.60071813189401
bkp88t,17t,11.629848160794598
bkp88t,08t,11.545022742134735
bkp88t,22t,22.9924176314773
bkp88t,13t,16.716002843553955
bkp88t,20t,39.4679997293819
bkp88t,81t,44.68688370049588
bkp88t,o10,21.865168690358427
bkp88t,bkp98t,22.886716942612612
bkp88t,bkp97t,22.92238136885334
bkp88t,bkp99t,25.650884702401946
bkp88t,bkp95t,13.357197598583035
bkp88t,bkp93t,14.934459194995569
bkp88t,27t,27.9302116644044
bkp88t,16t,16.084826631810756
bkp88t,bkp96t,18.98695072755886
bkp88t,bkp92t,6.896759073783485
bkp88t,bkp91t,9.076370184020139
bkp88t,bkp89t,12.458685331780547
bkp88t,bkp87t,10.995997157816321
bkp88t,bkp85t,5.050195916328021
bkp88t,19t,38.11507807977854
bkp88t,o63,17.465718654725485
bkp88t,bkp90t,12.7096217450528
bkp88t,bkp88t,0.0
bkp88t,bkp86t,7.282545883726701
bkp88t,bkp94t,14.158365101299175
bkp88t,bkp84t,2.3361333532364967
bkp88t,bkp83t,5.046520121476653
bkp88t,bkp63t,10.918922011309908
bkp86t,02t,8.790578802770087
bkp86t,03t,15.528078143948603
bkp86t,11t,15.764693748959779
bkp86t,12t,15.419754253734224
bkp86t,50t,13.033555715668804
bkp86t,52t,8.811181355578812
bkp86t,53t,18.097679633262885
bkp86t,54t,13.932104145066972
bkp86t,59t,12.07187222498945
bkp86t,61t,20.41251824264438
bkp86t,bkp100t,26.271631297148886
bkp86t,bkp101t,31.245367160246087
bkp86t,bkp102t,13.12401289991554
bkp86t,bkp103t,8.61380853010396
bkp86t,bkp104t,9.651481949243516
bkp86t,bkp105t,13.445201917665273
bkp86t,bkp112t,12.817468227027689
bkp86t,bkp114t,13.635491870705259
bkp86t,bkp116t,14.235927156023315
bkp86t,bkp117t,27.69362292993873
bkp86t,bkp118t,33.10144020313394
bkp86t,bkp119t,16.201448478294477
bkp86t,bkp121t,16.007113207720696
bkp86t,bkp120t,22.449010917347504
bkp86t,bkp122t,15.408338471438004
bkp86t,bkp123t,13.718878354727948
bkp86t,bkp124t,4.633701640787812
bkp86t,bkp126t,11.496627957079667
bkp86t,bkp125t,26.79419984770965
bkp86t,bkp128t,38.908712406843684
bkp86t,bkp127t,9.009319701632025
bkp86t,bkp129t,47.41158561098021
bkp86t,bkp130t,23.547366764236116
bkp86t,bkp131t,14.56076480603971
bkp86t,bkp133t,7.527226019029149
bkp86t,bkp56t,13.750057905130113
bkp86t,bkp57t,20.900588575120064
bkp86t,bkp58t,13.992922062624602
bkp86t,bkp59t,11.909431805242326
bkp86t,bkp60t,10.185403763921707
bkp86t,bkp62t,10.567501854933674
bkp86t,bkp61t,9.89744540530927
bkp86t,bkp64t,19.47295286128086
bkp86t,bkp66t,13.46657840437601
bkp86t,bkp67t,13.526621298009122
bkp86t,bkp69t,17.44151154754018
bkp86t,bkp70t,18.171954979497258
bkp86t,bkp65t,12.219630622293245
bkp86t,bkp71t,24.957517648914585
bkp86t,bkp72t,25.839652872963825
bkp86t,bkp74t,23.125062308897633
bkp86t,bkp73t,17.433615893239867
bkp86t,bkp80t,47.809138840609435
bkp86t,bkp79t,28.81041465576809
bkp86t,bkp81t,25.849558687175122
bkp86t,bkp78t,39.17454417483812
bkp86t,bkp77t,28.644741628161206
bkp86t,bkp82t,10.650899323564609
bkp86t,bkp76t,23.928033766767317
bkp86t,bkp75t,28.269906123033675
bkp86t,o26,41.66583757388429
bkp86t,14t,14.237328401378658
bkp86t,18t,27.3617524310168
bkp86t,17t,18.569879246661394
bkp86t,08t,18.060031072532777
bkp86t,22t,18.770845791665238
bkp86t,13t,13.515495843186473
bkp86t,20t,35.214366125325355
bkp86t,81t,40.47243032414857
bkp86t,o10,24.190245367444962
bkp86t,bkp98t,20.99012549002771
bkp86t,bkp97t,20.26313995458331
bkp86t,bkp99t,28.03923229701194
bkp86t,bkp95t,12.375360133244504
bkp86t,bkp93t,16.526156892060822
bkp86t,27t,31.13824782701546
bkp86t,16t,22.981902948223343
bkp86t,bkp96t,19.703386330656635
bkp86t,bkp92t,8.027702137912192
bkp86t,bkp91t,16.32609627524158
bkp86t,bkp89t,13.336877135520226
bkp86t,bkp87t,8.65932248109119
bkp86t,bkp85t,6.062120804491343
bkp86t,19t,44.05690872108307
bkp86t,o63,23.088354374325093
bkp86t,bkp90t,16.925977352147342
bkp86t,bkp88t,7.282545883726701
bkp86t,bkp86t,0.0
bkp86t,bkp94t,18.84022392123534
bkp86t,bkp84t,7.697770581089425
bkp86t,bkp83t,9.30534418844609
bkp86t,bkp63t,11.482402976252375
bkp94t,02t,10.450749685724144
bkp94t,03t,20.179815912732156
bkp94t,11t,7.688901360168293
bkp94t,12t,3.9551633375231052
bkp94t,50t,5.812566841212551
bkp94t,52t,10.735854975222232
bkp94t,53t,9.73878444164025
bkp94t,54t,7.004538587368553
bkp94t,59t,9.434364948455531
bkp94t,61t,7.436881635567589
bkp94t,bkp100t,12.6404039972883
bkp94t,bkp101t,21.310504745150496
bkp94t,bkp102t,11.276093596217258
bkp94t,bkp103t,12.76790284113647
bkp94t,bkp104t,18.900621295198253
bkp94t,bkp105t,16.869383069583517
bkp94t,bkp112t,8.930594418702885
bkp94t,bkp114t,5.2227222402040745
bkp94t,bkp116t,11.457331124554896
bkp94t,bkp117t,8.972681929858872
bkp94t,bkp118t,17.16578976954377
bkp94t,bkp119t,3.0808807655668966
bkp94t,bkp121t,11.766546008075572
bkp94t,bkp120t,24.604036111657756
bkp94t,bkp122t,3.584870386959985
bkp94t,bkp123t,11.608795836287731
bkp94t,bkp124t,14.3499237362686
bkp94t,bkp126t,21.64295738686179
bkp94t,bkp125t,13.14963810027277
bkp94t,bkp128t,21.382304848803077
bkp94t,bkp127t,25.310827040182758
bkp94t,bkp129t,33.88328404104311
bkp94t,bkp130t,19.293756163716946
bkp94t,bkp131t,7.5331654312895315
bkp94t,bkp133t,11.74999478829428
bkp94t,bkp56t,7.606567840014224
bkp94t,bkp57t,2.077516091599196
bkp94t,bkp58t,8.908500006462326
bkp94t,bkp59t,7.784673943993315
bkp94t,bkp60t,10.256796263384452
bkp94t,bkp62t,8.289300947497564
bkp94t,bkp61t,9.249464128997706
bkp94t,bkp64t,6.672598464308224
bkp94t,bkp66t,5.379037561576114
bkp94t,bkp67t,6.199537294612383
bkp94t,bkp69t,5.255156535036456
bkp94t,bkp70t,2.5421349737673506
bkp94t,bkp65t,6.620621292117521
bkp94t,bkp71t,7.711024256751331
bkp94t,bkp72t,7.123114845052272
bkp94t,bkp74t,22.473084076333485
bkp94t,bkp73t,15.606756308427126
bkp94t,bkp80t,34.28106840311238
bkp94t,bkp79t,34.99138827773834
bkp94t,bkp81t,7.146006087225605
bkp94t,bkp78t,21.69152845625434
bkp94t,bkp77t,15.134141184470995
bkp94t,bkp82t,10.607253746772018
bkp94t,bkp76t,9.407215743403414
bkp94t,bkp75t,22.389546890172213
bkp94t,o26,51.30146708922171
bkp94t,14t,28.346581989829655
bkp94t,18t,12.17596565476744
bkp94t,17t,8.745223611978808
bkp94t,08t,6.475329816163311
bkp94t,22t,23.13959882353992
bkp94t,13t,17.271210843422708
bkp94t,20t,37.00171967440612
bkp94t,81t,58.68839428952492
bkp94t,o10,9.779454146841264
bkp94t,bkp98t,18.429841032787994
bkp94t,bkp97t,19.950250567952406
bkp94t,bkp99t,12.926155547077448
bkp94t,bkp95t,12.342218846945746
bkp94t,bkp93t,7.628369353781035
bkp94t,27t,38.71282975213805
bkp94t,16t,10.014939885059249
bkp94t,bkp96t,10.911940993622359
bkp94t,bkp92t,11.13477956299426
bkp94t,bkp91t,11.356425482570602
bkp94t,bkp89t,26.22098702349905
bkp94t,bkp87t,25.08318291673949
bkp94t,bkp85t,12.786052469197541
bkp94t,19t,25.565504446417908
bkp94t,o63,5.06029427744365
bkp94t,bkp90t,24.12284648299404
bkp94t,bkp88t,14.158365101299175
bkp94t,bkp86t,18.84022392123534
bkp94t,bkp94t,0.0
bkp94t,bkp84t,12.149505090912252
bkp94t,bkp83t,9.72306589147965
bkp94t,bkp63t,9.899289296313354
bkp84t,02t,1.8495009467431704
bkp84t,03t,11.845575237989424
bkp84t,11t,11.900537497070525
bkp84t,12t,8.33245699936063
bkp84t,50t,6.785559770031887
bkp84t,52t,1.4170096158919736
bkp84t,53t,14.89267367538572
bkp84t,54t,9.5573841670175
bkp84t,59t,9.029181998363438
bkp84t,61t,15.8749404124715
bkp84t,bkp100t,22.09602080375516
bkp84t,bkp101t,28.854182483892615
bkp84t,bkp102t,5.871077206569255
bkp84t,bkp103t,7.9634148031144605
bkp84t,bkp104t,7.848616034455539
bkp84t,bkp105t,8.65396755673174
bkp84t,bkp112t,5.124643514422649
bkp84t,bkp114t,7.384974493307211
bkp84t,bkp116t,12.417953104728635
bkp84t,bkp117t,21.1146515928015
bkp84t,bkp118t,28.217516602747285
bkp84t,bkp119t,10.117683985754857
bkp84t,bkp121t,8.812422817261343
bkp84t,bkp120t,24.45176351144906
bkp84t,bkp122t,9.204328504846488
bkp84t,bkp123t,12.045893573144307
bkp84t,bkp124t,4.769311021702675
bkp84t,bkp126t,10.711650015505263
bkp84t,bkp125t,22.646464899031905
bkp84t,bkp128t,33.267650036704666
bkp84t,bkp127t,13.176285885012465
bkp84t,bkp129t,43.90572576710442
bkp84t,bkp130t,22.927443412745752
bkp84t,bkp131t,6.869576024550053
bkp84t,bkp133t,5.024667628347996
bkp84t,bkp56t,9.725227760944254
bkp84t,bkp57t,14.214928831326551
bkp84t,bkp58t,6.325432721116723
bkp84t,bkp59t,7.365959615340309
bkp84t,bkp60t,7.369054523910776
bkp84t,bkp62t,4.372104992607229
bkp84t,bkp61t,5.440664108075187
bkp84t,bkp64t,14.825885782260936
bkp84t,bkp66t,6.98800779962758
bkp84t,bkp67t,6.190002635628998
bkp84t,bkp69t,9.84992253323981
bkp84t,bkp70t,12.213500239632788
bkp84t,bkp65t,5.96379470568333
bkp84t,bkp71t,19.23085305337934
bkp84t,bkp72t,18.77687535720368
bkp84t,bkp74t,23.987660431047473
bkp84t,bkp73t,17.004177893399522
bkp84t,bkp80t,44.308721071840466
bkp84t,bkp79t,32.84380990329452
bkp84t,bkp81t,19.294385292610166
bkp84t,bkp78t,33.56172402346683
bkp84t,bkp77t,24.655123488237198
bkp84t,bkp82t,3.0313820901388833
bkp84t,bkp76t,19.231778800307033
bkp84t,bkp75t,27.363395272930784
bkp84t,o26,41.96629085573533
bkp84t,14t,16.659692609436295
bkp84t,18t,19.66601692277565
bkp84t,17t,10.901355825911844
bkp84t,08t,10.382271940050172
bkp84t,22t,21.389151207087007
bkp84t,13t,14.980116713170837
bkp84t,20t,37.74840369046632
bkp84t,81t,46.55048661593856
bkp84t,o10,19.557653741542726
bkp84t,bkp98t,20.80074752786365
bkp84t,bkp97t,20.96539540915263
bkp84t,bkp99t,23.35634820208992
bkp84t,bkp95t,11.283570731898653
bkp84t,bkp93t,12.600122324752299
bkp84t,27t,30.124388976302956
bkp84t,16t,15.291997158782435
bkp84t,bkp96t,16.668126564563384
bkp84t,bkp92t,4.819399512291326
bkp84t,bkp91t,9.028019575441434
bkp84t,bkp89t,14.77393005475759
bkp84t,bkp87t,12.94083765570122
bkp84t,bkp85t,3.4423278262158927
bkp84t,19t,36.66823343550779
bkp84t,o63,15.81245363802068
bkp84t,bkp90t,14.872093495097689
bkp84t,bkp88t,2.3361333532364967
bkp84t,bkp86t,7.697770581089425
bkp84t,bkp94t,12.149505090912252
bkp84t,bkp84t,0.0
bkp84t,bkp83t,2.7270991213997737
bkp84t,bkp63t,8.697232244653078
bkp83t,02t,0.8832911545393178
bkp83t,03t,14.006275492862105
bkp83t,11t,9.266634568925657
bkp83t,12t,6.1231629317361245
bkp83t,50t,4.125687704422197
bkp83t,52t,1.4827873110928353
bkp83t,53t,12.303790411489356
bkp83t,54t,6.901178586038666
bkp83t,59t,6.692835672865367
bkp83t,61t,13.151605262772962
bkp83t,bkp100t,19.37467059600414
bkp83t,bkp101t,26.263417121917914
bkp83t,bkp102t,6.534194321752292
bkp83t,bkp103t,6.622731755177369
bkp83t,bkp104t,10.506225890766938
bkp83t,bkp105t,10.650611828550065
bkp83t,bkp112t,4.676475320574219
bkp83t,bkp114t,4.737940651532345
bkp83t,bkp116t,10.193592820585845
bkp83t,bkp117t,18.687194063981682
bkp83t,bkp118t,25.503238686618552
bkp83t,bkp119t,7.4726354692488
bkp83t,bkp121t,9.231079089392171
bkp83t,bkp120t,22.885990888032026
bkp83t,bkp122t,6.575308378304582
bkp83t,bkp123t,9.88015257272923
bkp83t,bkp124t,5.232581042707808
bkp83t,bkp126t,13.377692347072143
bkp83t,bkp125t,19.92536765482176
bkp83t,bkp128t,30.634996780876197
bkp83t,bkp127t,15.764960849632992
bkp83t,bkp129t,41.192423785296434
bkp83t,bkp130t,20.700462728137644
bkp83t,bkp131t,5.909196273657414
bkp83t,bkp133t,3.8527539032668154
bkp83t,bkp56t,7.12075274544297
bkp83t,bkp57t,11.800577816253275
bkp83t,bkp58t,5.936528485867187
bkp83t,bkp59t,4.762663230952804
bkp83t,bkp60t,5.3036095342960845
bkp83t,bkp62t,1.6470605042320514
bkp83t,bkp61t,3.0876619646725834
bkp83t,bkp64t,12.101401707306962
bkp83t,bkp66t,4.403558644528145
bkp83t,bkp67t,4.268582378651945
bkp83t,bkp69t,8.319543053689603
bkp83t,bkp70t,9.563870805945033
bkp83t,bkp65t,3.2867031252036076
bkp83t,bkp71t,16.58009496166628
bkp83t,bkp72t,16.58549434639283
bkp83t,bkp74t,22.10659766116916
bkp83t,bkp73t,14.952013132460502
bkp83t,bkp80t,41.59545095523588
bkp83t,bkp79t,31.823434755067307
bkp83t,bkp81t,16.851561108617684
bkp83t,bkp78t,30.92519531767472
bkp83t,bkp77t,21.93727595001643
bkp83t,bkp82t,3.596565202107685
bkp83t,bkp76t,16.504908755101525
bkp83t,bkp75t,25.025589614276388
bkp83t,o26,44.52645384493917
bkp83t,14t,19.38305697373159
bkp83t,18t,18.461172518577275
bkp83t,17t,10.209387203746662
bkp83t,08t,9.152952025834876
bkp83t,22t,20.087939582691018
bkp83t,13t,13.568849769996444
bkp83t,20t,36.177929085472734
bkp83t,81t,48.99867105454255
bkp83t,o10,16.830566307783236
bkp83t,bkp98t,18.71141412116654
bkp83t,bkp97t,19.103227432842925
bkp83t,bkp99t,20.631154682346327
bkp83t,bkp95t,9.337397118026356
bkp83t,bkp93t,9.946147146634186
bkp83t,27t,32.5440726921061
bkp83t,16t,14.348729200052533
bkp83t,bkp96t,14.079372520295697
bkp83t,bkp92t,3.3525611212007203
bkp83t,bkp91t,9.28845167649621
bkp83t,bkp89t,17.499168919397462
bkp83t,bkp87t,15.513039337849492
bkp83t,bkp85t,3.5307567893955203
bkp83t,19t,34.75159613303735
bkp83t,o63,13.784127491467009
bkp83t,bkp90t,17.291714498856475
bkp83t,bkp88t,5.046520121476653
bkp83t,bkp86t,9.30534418844609
bkp83t,bkp94t,9.72306589147965
bkp83t,bkp84t,2.7270991213997737
bkp83t,bkp83t,0.0
bkp83t,bkp63t,6.4676575018507165
bkp63t,02t,7.198894131631712
bkp63t,03t,20.435415709888893
bkp63t,11t,4.320028010451504
bkp63t,12t,8.463329235861957
bkp63t,50t,5.530906776011467
bkp63t,52t,7.860491226724261
bkp63t,53t,6.710050459406447
bkp63t,54t,3.0551490893123945
bkp63t,59t,0.6147651431121188
bkp63t,61t,9.016489019876678
bkp63t,bkp100t,14.790166666961174
bkp63t,bkp101t,20.43915970911077
bkp63t,bkp102t,12.756094053096579
bkp63t,bkp103t,3.2573106375630907
bkp63t,bkp104t,16.412801833467427
bkp63t,bkp105t,17.108742791024305
bkp63t,bkp112t,10.439492006420917
bkp63t,bkp114t,5.724412111229566
bkp63t,bkp116t,3.7371891784306603
bkp63t,bkp117t,17.624815833891066
bkp63t,bkp118t,21.66107411067307
bkp63t,bkp119t,6.821198687480267
bkp63t,bkp121t,15.143482272339963
bkp63t,bkp120t,16.768071671786128
bkp63t,bkp122t,6.5141944170892465
bkp63t,bkp123t,3.412915736108588
bkp63t,bkp124t,7.062791182567015
bkp63t,bkp126t,19.22210964913353
bkp63t,bkp125t,15.314440155836849
bkp63t,bkp128t,27.69038705708336
bkp63t,bkp127t,19.936637027868574
bkp63t,bkp129t,36.13468701742879
bkp63t,bkp130t,14.258480975380575
bkp63t,bkp131t,10.879420389305192
bkp63t,bkp133t,4.318543183515138
bkp63t,bkp56t,2.5992011754867645
bkp63t,bkp57t,11.60038751422228
bkp63t,bkp58t,11.516368329195934
bkp63t,bkp59t,2.5678607842473973
bkp63t,bkp60t,1.423077239656884
bkp63t,bkp62t,5.435142077672432
bkp63t,bkp61t,3.380031703567286
bkp63t,bkp64t,8.144930418358387
bkp63t,bkp66t,6.112989343340859
bkp63t,bkp67t,8.26927397876441
bkp63t,bkp69t,11.780878638501907
bkp63t,bkp70t,8.132190486954638
bkp63t,bkp65t,5.398719347806169
bkp63t,bkp71t,14.058157167608975
bkp63t,bkp72t,16.817447191191555
bkp63t,bkp74t,15.712532538226855
bkp63t,bkp73t,8.499059080102484
bkp63t,bkp80t,36.53515744039264
bkp63t,bkp79t,26.332477439403085
bkp63t,bkp81t,15.850685684571161
bkp63t,bkp78t,27.939859009073977
bkp63t,bkp77t,17.183809130375312
bkp63t,bkp82t,9.998907798033589
bkp63t,bkp76t,12.514806076429819
bkp63t,bkp75t,18.666184827788186
bkp63t,o26,50.578443571640264
bkp63t,14t,24.42730793429167
bkp63t,18t,21.46887909822668
bkp63t,17t,14.843087554368122
bkp63t,08t,13.052794059798794
bkp63t,22t,14.374370234497144
bkp63t,13t,7.95272723665238
bkp63t,20t,29.97649087324447
bkp63t,81t,51.86462747529626
bkp63t,o10,12.75870941302224
bkp63t,bkp98t,12.245239602925562
bkp63t,bkp97t,12.736147816300688
bkp63t,bkp99t,16.587765745349984
bkp63t,bkp95t,3.0896401315173962
bkp63t,bkp93t,5.072633564092026
bkp63t,27t,38.82068739088984
bkp63t,16t,18.173403577385766
bkp63t,bkp96t,8.410826702940712
bkp63t,bkp92t,4.136335504307127
bkp63t,bkp91t,15.07281708309464
bkp63t,bkp89t,22.85370548278457
bkp63t,bkp87t,19.622257958070165
bkp63t,bkp85t,6.405247570135943
bkp63t,19t,35.1856371768342
bkp63t,o63,14.939375537173072
bkp63t,bkp90t,23.56928919943053
bkp63t,bkp88t,10.918922011309908
bkp63t,bkp86t,11.482402976252375
bkp63t,bkp94t,9.899289296313354
bkp63t,bkp84t,8.697232244653078
bkp63t,bkp83t,6.4676575018507165
bkp63t,bkp63t,0.0
